TX-TYPE,Time,Cost
CERTIFICATE,90.03,0.000057566409410258
RA_SIGNATURE,77.57,0.00006680007813921
CERTIFICATE,66.82,0.000057527624466413
RA_SIGNATURE,70.07,0.000066760669338324
CERTIFICATE,59.8,0.00005749790635248
RA_SIGNATURE,112.29,0.000066730473186312
CERTIFICATE,67.89,0.000057475135497596
RA_SIGNATURE,68.87,0.000066707336064252
CERTIFICATE,58.69,0.000057457687850281
RA_SIGNATURE,65.98,0.000066689607776415
CERTIFICATE,65.34,0.000057444318967695
RA_SIGNATURE,69.63,0.000066676023834615
CERTIFICATE,63.18,0.000057434075350999
RA_SIGNATURE,69.75,0.000066665615461263
CERTIFICATE,68.29,0.000057426226406629
RA_SIGNATURE,73.82,0.000066657640248186
CERTIFICATE,72.84,0.000057420212326642
RA_SIGNATURE,68.07,0.0000666515294289
CERTIFICATE,61.67,0.000057415604176235
RA_SIGNATURE,65.64,0.000066646847144553
CERTIFICATE,73.89,0.000061630923727365
RA_SIGNATURE,67.02,0.000083428221648615
CERTIFICATE,72.03,0.000057427371770714
RA_SIGNATURE,79.11,0.00006662250925383
CERTIFICATE,60.54,0.000057425297852773
RA_SIGNATURE,70.63,0.000066620403201414
CERTIFICATE,94.75,0.000057423708738367
RA_SIGNATURE,77.2,0.000066618789467172
CERTIFICATE,74.59,0.000057422491121656
RA_SIGNATURE,94.82,0.000066617552987385
CERTIFICATE,60.76,0.000057421558147589
RA_SIGNATURE,70.58,0.000066616605565779
CERTIFICATE,101.9,0.000057420843287264
RA_SIGNATURE,73.39,0.000066615879611856
CERTIFICATE,88.74,0.000057420295514774
RA_SIGNATURE,72.82,0.000066615323344722
CERTIFICATE,72.63,0.000057419875785539
RA_SIGNATURE,70.55,0.00006661489710714
CERTIFICATE,70.74,0.00005741955420366
RA_SIGNATURE,64.25,0.000066614570567763
CERTIFICATE,77.94,0.000061619366890137
RA_SIGNATURE,68.59,0.000083432527486733
CERTIFICATE,58.35,0.000057419119086267
RA_SIGNATURE,57.12,0.000066632128868097
CERTIFICATE,55.2,0.000057418974391647
RA_SIGNATURE,61.58,0.000066631981879008
CERTIFICATE,68.06,0.000057418863535663
RA_SIGNATURE,62.1,0.000066631869271773
CERTIFICATE,80.41,0.000057418778556283
RA_SIGNATURE,72.18,0.00006663178296177
CERTIFICATE,86.55,0.000057418713481983
RA_SIGNATURE,73,0.000066631716863322
CERTIFICATE,78.28,0.000057418663604446
RA_SIGNATURE,66.13,0.000066631666223382
CERTIFICATE,77.7,0.000057418625402004
RA_SIGNATURE,107.48,0.000066631627399428
CERTIFICATE,78.81,0.000057418596118569
RA_SIGNATURE,59.07,0.000066631597637358
CERTIFICATE,57.83,0.000057418573687075
RA_SIGNATURE,62.89,0.000066631574849385
CERTIFICATE,77.27,0.000061618560591525
RA_SIGNATURE,63.97,0.000083413571846828
CERTIFICATE,64.35,0.000057418543331828
RA_SIGNATURE,89.43,0.000066613544009319
CERTIFICATE,90.26,0.000057418533226172
RA_SIGNATURE,64.73,0.00006661353375084
CERTIFICATE,58.83,0.000057418525493814
RA_SIGNATURE,66.33,0.000066613525890447
CERTIFICATE,50.37,0.000057418519560569
RA_SIGNATURE,59.93,0.000066613519895232
CERTIFICATE,64.78,0.000057418515043647
RA_SIGNATURE,64.63,0.000066613515321105
CERTIFICATE,69.58,0.000057418511598537
RA_SIGNATURE,61.13,0.000066613511812794
CERTIFICATE,68.72,0.000057418508919007
RA_SIGNATURE,60.02,0.000066613509059436
CERTIFICATE,68.44,0.000057418506851941
RA_SIGNATURE,85.32,0.000066613506972213
CERTIFICATE,72.97,0.000057418505282502
RA_SIGNATURE,86.86,0.000066613505373489
CERTIFICATE,62.16,0.000061618504354374
RA_SIGNATURE,71.08,0.000083431505172753
CERTIFICATE,66.32,0.000057418503138878
RA_SIGNATURE,59.09,0.000066631503198312
CERTIFICATE,65.09,0.000057418502449856
RA_SIGNATURE,85.82,0.000066631502531997
CERTIFICATE,51.43,0.00005741850191395
RA_SIGNATURE,57.41,0.000066631501954524
CERTIFICATE,67.31,0.000057418501492881
RA_SIGNATURE,70.01,0.000066631501554735
CERTIFICATE,75.55,0.000057418501186649
RA_SIGNATURE,61.13,0.000066631501243788
CERTIFICATE,71.85,0.000057418500956975
RA_SIGNATURE,73.71,0.000066631500977262
CERTIFICATE,56.61,0.00005741850076558
RA_SIGNATURE,61.47,0.000066631500799578
CERTIFICATE,76,0.000057418500612464
RA_SIGNATURE,67.12,0.000066631500666315
CERTIFICATE,84.45,0.000057418500535906
RA_SIGNATURE,66.63,0.000066631500577473
CERTIFICATE,80.27,0.000061618500492948
RA_SIGNATURE,68.54,0.000083431500611831
CERTIFICATE,60.17,0.00005741850038279
RA_SIGNATURE,87.83,0.000066631500399789
CERTIFICATE,66.91,0.000057418500306232
RA_SIGNATURE,70.76,0.000066631500355368
CERTIFICATE,78.07,0.000057418500306232
RA_SIGNATURE,68.12,0.000066631500355368
CERTIFICATE,52.25,0.000057418500306232
RA_SIGNATURE,68.93,0.000066631500355368
CERTIFICATE,50.51,0.000057418500306232
RA_SIGNATURE,57.6,0.000066631500355368
CERTIFICATE,57.57,0.000057418500306232
RA_SIGNATURE,57.71,0.000066631500355368
CERTIFICATE,57.98,0.000057418500306232
RA_SIGNATURE,56.7,0.000066631500355368
CERTIFICATE,62.99,0.000057418500306232
RA_SIGNATURE,57.1,0.000066631500355368
CERTIFICATE,81.65,0.000057418500306232
RA_SIGNATURE,66.3,0.000066631500355368
CERTIFICATE,68.38,0.000061618500328632
RA_SIGNATURE,56.6,0.000083431500444968
CERTIFICATE,74.94,0.000057418500306232
RA_SIGNATURE,60.63,0.000066631500355368
CERTIFICATE,75.05,0.000057418500306232
RA_SIGNATURE,57.13,0.000066631500355368
CERTIFICATE,50.29,0.000057418500306232
RA_SIGNATURE,117.53,0.000066631500355368
CERTIFICATE,58,0.000057418500306232
RA_SIGNATURE,70.79,0.000066631500355368
CERTIFICATE,95.61,0.000057418500306232
RA_SIGNATURE,73.88,0.000066631500355368
CERTIFICATE,75.24,0.000057418500306232
RA_SIGNATURE,62.15,0.000066631500355368
CERTIFICATE,81.07,0.000057418500306232
RA_SIGNATURE,75.03,0.000066631500355368
CERTIFICATE,57.25,0.000057418500306232
RA_SIGNATURE,90.23,0.000066631500355368
CERTIFICATE,54.82,0.000057418500306232
RA_SIGNATURE,74.48,0.000066631500355368
CERTIFICATE,60.2,0.000061618500328632
RA_SIGNATURE,61.58,0.000083431500444968
CERTIFICATE,76.84,0.000057418500306232
RA_SIGNATURE,60.62,0.000066631500355368
CERTIFICATE,58.46,0.000057418500306232
RA_SIGNATURE,58.08,0.000066631500355368
CERTIFICATE,67.37,0.000057418500306232
RA_SIGNATURE,79.52,0.000066631500355368
CERTIFICATE,63.96,0.000057418500306232
RA_SIGNATURE,102.76,0.000066631500355368
CERTIFICATE,54.14,0.000057418500306232
RA_SIGNATURE,86.27,0.000066631500355368
CERTIFICATE,69.34,0.000057418500306232
RA_SIGNATURE,59.28,0.000066631500355368
CERTIFICATE,61.46,0.000057418500306232
RA_SIGNATURE,55.75,0.000066631500355368
CERTIFICATE,70.69,0.000057418500306232
RA_SIGNATURE,72.46,0.000066631500355368
CERTIFICATE,70.04,0.000057418500306232
RA_SIGNATURE,56.65,0.000066631500355368
CERTIFICATE,85.11,0.000061618500328632
RA_SIGNATURE,68.79,0.000083431500444968
CERTIFICATE,86.5,0.000057418500306232
RA_SIGNATURE,73.98,0.000066631500355368
CERTIFICATE,65.08,0.000057418500306232
RA_SIGNATURE,54.62,0.000066631500355368
CERTIFICATE,57.77,0.000057418500306232
RA_SIGNATURE,68.28,0.000066631500355368
CERTIFICATE,64.26,0.000057418500306232
RA_SIGNATURE,53.11,0.000066631500355368
CERTIFICATE,61.41,0.000057418500306232
RA_SIGNATURE,61.02,0.000066631500355368
CERTIFICATE,79.51,0.000057418500306232
RA_SIGNATURE,65.21,0.000066631500355368
CERTIFICATE,65.63,0.000057418500306232
RA_SIGNATURE,74.89,0.000066631500355368
CERTIFICATE,50.02,0.000057418500306232
RA_SIGNATURE,52.86,0.000066631500355368
CERTIFICATE,50.28,0.000057418500306232
RA_SIGNATURE,60.17,0.000066631500355368
CERTIFICATE,68.35,0.000061618500328632
RA_SIGNATURE,88.09,0.000083431500444968
CERTIFICATE,58.29,0.000057418500306232
RA_SIGNATURE,61.74,0.000066631500355368
CERTIFICATE,52.71,0.000057418500306232
RA_SIGNATURE,57.89,0.000066631500355368
CERTIFICATE,83.62,0.000057418500306232
RA_SIGNATURE,66.95,0.000066631500355368
CERTIFICATE,59.84,0.000057418500306232
RA_SIGNATURE,68.56,0.000066631500355368
CERTIFICATE,73.12,0.000057418500306232
RA_SIGNATURE,73.26,0.000066631500355368
CERTIFICATE,62.56,0.000057418500306232
RA_SIGNATURE,56.68,0.000066631500355368
CERTIFICATE,88.43,0.000057418500306232
RA_SIGNATURE,67.13,0.000066631500355368
CERTIFICATE,49.77,0.000057418500306232
RA_SIGNATURE,53.34,0.000066631500355368
CERTIFICATE,59.94,0.000057418500306232
RA_SIGNATURE,64.66,0.000066631500355368
CERTIFICATE,48.57,0.000061618500328632
RA_SIGNATURE,66.24,0.000079213500422472
CERTIFICATE,55.78,0.000057418500306232
RA_SIGNATURE,53.76,0.000066613500355272
CERTIFICATE,53.65,0.000057418500306232
RA_SIGNATURE,54.46,0.000066613500355272
CERTIFICATE,62.29,0.000057418500306232
RA_SIGNATURE,63.96,0.000066613500355272
CERTIFICATE,52.51,0.000057418500306232
RA_SIGNATURE,57.48,0.000066613500355272
CERTIFICATE,99.07,0.000057418500306232
RA_SIGNATURE,71.27,0.000066613500355272
CERTIFICATE,51.95,0.000057418500306232
RA_SIGNATURE,58.62,0.000066613500355272
CERTIFICATE,64.94,0.000057418500306232
RA_SIGNATURE,64.56,0.000066613500355272
CERTIFICATE,88.96,0.000057418500306232
RA_SIGNATURE,81.61,0.000066613500355272
CERTIFICATE,52.36,0.000057418500306232
RA_SIGNATURE,66.22,0.000066613500355272
CERTIFICATE,75.54,0.000061618500328632
RA_SIGNATURE,58.68,0.000079213500422472
CERTIFICATE,59.04,0.000057418500306232
RA_SIGNATURE,60.78,0.000066613500355272
CERTIFICATE,57.05,0.000057418500306232
RA_SIGNATURE,71.92,0.000066613500355272
CERTIFICATE,60.27,0.000057418500306232
RA_SIGNATURE,88.98,0.000066613500355272
CERTIFICATE,67.88,0.000057418500306232
RA_SIGNATURE,60.57,0.000066613500355272
CERTIFICATE,62.45,0.000057418500306232
RA_SIGNATURE,68.83,0.000066613500355272
CERTIFICATE,55.86,0.000057418500306232
RA_SIGNATURE,54.46,0.000066613500355272
CERTIFICATE,77.85,0.000057418500306232
RA_SIGNATURE,70.96,0.000066613500355272
CERTIFICATE,50.49,0.000057418500306232
RA_SIGNATURE,57.75,0.000066613500355272
CERTIFICATE,62.57,0.000057418500306232
RA_SIGNATURE,57.88,0.000066613500355272
CERTIFICATE,78.64,0.000061618500328632
RA_SIGNATURE,53.67,0.000079231500422568
CERTIFICATE,80.24,0.000057418500306232
RA_SIGNATURE,53.24,0.000066631500355368
CERTIFICATE,51.58,0.000057418500306232
RA_SIGNATURE,58.8,0.000066631500355368
CERTIFICATE,65.99,0.000057418500306232
RA_SIGNATURE,58.57,0.000066631500355368
CERTIFICATE,61.48,0.000057418500306232
RA_SIGNATURE,72.59,0.000066631500355368
CERTIFICATE,71.92,0.000057418500306232
RA_SIGNATURE,56.96,0.000066631500355368
CERTIFICATE,76.12,0.000057418500306232
RA_SIGNATURE,65.39,0.000066631500355368
CERTIFICATE,54.46,0.000057418500306232
RA_SIGNATURE,58.94,0.000066631500355368
CERTIFICATE,61.77,0.000057418500306232
RA_SIGNATURE,69.18,0.000066631500355368
CERTIFICATE,49.86,0.000057418500306232
RA_SIGNATURE,58.2,0.000066631500355368
CERTIFICATE,85.22,0.000061600500328536
RA_SIGNATURE,98.15,0.000083431500444968
CERTIFICATE,47.33,0.000057400500306136
RA_SIGNATURE,51,0.000066631500355368
CERTIFICATE,51.56,0.000057400500306136
RA_SIGNATURE,57.47,0.000066631500355368
CERTIFICATE,67.19,0.000057400500306136
RA_SIGNATURE,61.33,0.000066631500355368
CERTIFICATE,63.14,0.000057400500306136
RA_SIGNATURE,55.98,0.000066631500355368
CERTIFICATE,96.69,0.000057400500306136
RA_SIGNATURE,77.43,0.000066631500355368
CERTIFICATE,73.6,0.000057400500306136
RA_SIGNATURE,60.54,0.000066631500355368
CERTIFICATE,46.74,0.000057400500306136
RA_SIGNATURE,72.77,0.000066631500355368
CERTIFICATE,63.22,0.000057400500306136
RA_SIGNATURE,55.07,0.000066631500355368
CERTIFICATE,64.67,0.000057400500306136
RA_SIGNATURE,57.45,0.000066631500355368
CERTIFICATE,92.89,0.000061618500328632
RA_SIGNATURE,73.91,0.000083431500444968
CERTIFICATE,55.94,0.000057418500306232
RA_SIGNATURE,55.84,0.000066631500355368
CERTIFICATE,56.43,0.000057418500306232
RA_SIGNATURE,56.22,0.000066631500355368
CERTIFICATE,61.45,0.000057418500306232
RA_SIGNATURE,81.44,0.000066631500355368
CERTIFICATE,77.34,0.000057418500306232
RA_SIGNATURE,67,0.000066631500355368
CERTIFICATE,59.37,0.000057418500306232
RA_SIGNATURE,54.3,0.000066631500355368
CERTIFICATE,56.72,0.000057418500306232
RA_SIGNATURE,59.1,0.000066631500355368
CERTIFICATE,53.9,0.000057418500306232
RA_SIGNATURE,47.9,0.000066631500355368
CERTIFICATE,60.43,0.000057418500306232
RA_SIGNATURE,51.89,0.000066631500355368
CERTIFICATE,63.95,0.000057418500306232
RA_SIGNATURE,67.43,0.000066631500355368
CERTIFICATE,62.43,0.000061618500328632
RA_SIGNATURE,61.29,0.000079231500422568
CERTIFICATE,60.42,0.000057418500306232
RA_SIGNATURE,66.19,0.000066631500355368
CERTIFICATE,81.34,0.000057418500306232
RA_SIGNATURE,58.82,0.000066631500355368
CERTIFICATE,71.69,0.000057418500306232
RA_SIGNATURE,74.66,0.000066631500355368
CERTIFICATE,49.17,0.000057418500306232
RA_SIGNATURE,59.81,0.000066631500355368
CERTIFICATE,75.81,0.000057418500306232
RA_SIGNATURE,86.78,0.000066631500355368
CERTIFICATE,47.77,0.000057418500306232
RA_SIGNATURE,65.67,0.000066631500355368
CERTIFICATE,67.31,0.000057418500306232
RA_SIGNATURE,104.86,0.000066631500355368
CERTIFICATE,61.43,0.000057418500306232
RA_SIGNATURE,52.79,0.000066631500355368
CERTIFICATE,59.37,0.000057418500306232
RA_SIGNATURE,67.04,0.000066631500355368
CERTIFICATE,66.02,0.000061618500328632
RA_SIGNATURE,57.09,0.000083431500444968
CERTIFICATE,67.97,0.000057418500306232
RA_SIGNATURE,57.32,0.000066631500355368
CERTIFICATE,76.85,0.000057418500306232
RA_SIGNATURE,66.88,0.000066631500355368
CERTIFICATE,77.18,0.000057418500306232
RA_SIGNATURE,88.69,0.000066631500355368
CERTIFICATE,54.9,0.000057418500306232
RA_SIGNATURE,56.59,0.000066631500355368
CERTIFICATE,64.07,0.000057418500306232
RA_SIGNATURE,54.31,0.000066631500355368
CERTIFICATE,70.75,0.000057418500306232
RA_SIGNATURE,62.7,0.000066631500355368
CERTIFICATE,55.64,0.000057418500306232
RA_SIGNATURE,59.13,0.000066631500355368
CERTIFICATE,51.15,0.000057418500306232
RA_SIGNATURE,63.94,0.000066631500355368
CERTIFICATE,107.14,0.000057418500306232
RA_SIGNATURE,61.41,0.000066631500355368
CERTIFICATE,55.9,0.000061618500328632
RA_SIGNATURE,53.59,0.000083431500444968
CERTIFICATE,74.3,0.000057418500306232
RA_SIGNATURE,60.85,0.000066631500355368
CERTIFICATE,51.39,0.000057418500306232
RA_SIGNATURE,53,0.000066631500355368
CERTIFICATE,55.42,0.000057418500306232
RA_SIGNATURE,55.46,0.000066631500355368
CERTIFICATE,59.46,0.000057418500306232
RA_SIGNATURE,54.33,0.000066631500355368
CERTIFICATE,60.62,0.000057418500306232
RA_SIGNATURE,83.99,0.000066631500355368
CERTIFICATE,65.63,0.000057418500306232
RA_SIGNATURE,57.37,0.000066631500355368
CERTIFICATE,64.3,0.000057418500306232
RA_SIGNATURE,59.76,0.000066631500355368
CERTIFICATE,77.32,0.000057418500306232
RA_SIGNATURE,58.95,0.000066631500355368
CERTIFICATE,49.97,0.000057418500306232
RA_SIGNATURE,55.83,0.000066631500355368
CERTIFICATE,54.57,0.000061618500328632
RA_SIGNATURE,55.32,0.000083413500444872
CERTIFICATE,63.4,0.000057418500306232
RA_SIGNATURE,91.08,0.000066613500355272
CERTIFICATE,81.61,0.000057418500306232
RA_SIGNATURE,56.72,0.000066613500355272
CERTIFICATE,67.82,0.000057418500306232
RA_SIGNATURE,56,0.000066613500355272
CERTIFICATE,51.53,0.000057418500306232
RA_SIGNATURE,53.13,0.000066613500355272
CERTIFICATE,61.33,0.000057418500306232
RA_SIGNATURE,66.96,0.000066613500355272
CERTIFICATE,60.65,0.000057418500306232
RA_SIGNATURE,53.9,0.000066613500355272
CERTIFICATE,108.2,0.000057418500306232
RA_SIGNATURE,51.42,0.000066613500355272
CERTIFICATE,69.36,0.000057418500306232
RA_SIGNATURE,62.54,0.000066613500355272
CERTIFICATE,64.07,0.000057418500306232
RA_SIGNATURE,55.53,0.000066613500355272
CERTIFICATE,61.56,0.000061600500328536
RA_SIGNATURE,55.22,0.000083431500444968
CERTIFICATE,49.95,0.000057400500306136
RA_SIGNATURE,53.24,0.000066631500355368
CERTIFICATE,53.66,0.000057400500306136
RA_SIGNATURE,62.91,0.000066631500355368
CERTIFICATE,65.93,0.000057400500306136
RA_SIGNATURE,53.24,0.000066631500355368
CERTIFICATE,48.85,0.000057400500306136
RA_SIGNATURE,55.84,0.000066631500355368
CERTIFICATE,52.93,0.000057400500306136
RA_SIGNATURE,51.75,0.000066631500355368
CERTIFICATE,54.17,0.000057400500306136
RA_SIGNATURE,60.58,0.000066631500355368
CERTIFICATE,63.43,0.000057400500306136
RA_SIGNATURE,55.33,0.000066631500355368
CERTIFICATE,58.18,0.000057400500306136
RA_SIGNATURE,62.22,0.000066631500355368
CERTIFICATE,65.93,0.000057400500306136
RA_SIGNATURE,59.68,0.000066631500355368
CERTIFICATE,54.13,0.000061618500328632
RA_SIGNATURE,52.31,0.000083413500444872
CERTIFICATE,60.57,0.000057418500306232
RA_SIGNATURE,52.58,0.000066613500355272
CERTIFICATE,51.47,0.000057418500306232
RA_SIGNATURE,53.13,0.000066613500355272
CERTIFICATE,57.23,0.000057418500306232
RA_SIGNATURE,51.3,0.000066613500355272
CERTIFICATE,51.79,0.000057418500306232
RA_SIGNATURE,57.28,0.000066613500355272
CERTIFICATE,95.23,0.000057418500306232
RA_SIGNATURE,72.62,0.000066613500355272
CERTIFICATE,61.51,0.000057418500306232
RA_SIGNATURE,71.01,0.000066613500355272
CERTIFICATE,49.91,0.000057418500306232
RA_SIGNATURE,65.05,0.000066613500355272
CERTIFICATE,51.48,0.000057418500306232
RA_SIGNATURE,59.81,0.000066613500355272
CERTIFICATE,70.18,0.000057418500306232
RA_SIGNATURE,60.38,0.000066613500355272
CERTIFICATE,53.6,0.000061600500328536
RA_SIGNATURE,63.28,0.000083431500444968
CERTIFICATE,77.22,0.000057400500306136
RA_SIGNATURE,73.39,0.000066631500355368
CERTIFICATE,53.04,0.000057400500306136
RA_SIGNATURE,66.12,0.000066631500355368
CERTIFICATE,54.58,0.000057400500306136
RA_SIGNATURE,53.96,0.000066631500355368
CERTIFICATE,49.04,0.000057400500306136
RA_SIGNATURE,57.89,0.000066631500355368
CERTIFICATE,62.37,0.000057400500306136
RA_SIGNATURE,54.62,0.000066631500355368
CERTIFICATE,44,0.000057400500306136
RA_SIGNATURE,51.02,0.000066631500355368
CERTIFICATE,79.5,0.000057400500306136
RA_SIGNATURE,67.48,0.000066631500355368
CERTIFICATE,63.29,0.000057400500306136
RA_SIGNATURE,57.73,0.000066631500355368
CERTIFICATE,75.49,0.000057400500306136
RA_SIGNATURE,60.4,0.000066631500355368
CERTIFICATE,58.47,0.000061618500328632
RA_SIGNATURE,72.62,0.000083413500444872
CERTIFICATE,57.1,0.000057418500306232
RA_SIGNATURE,107.85,0.000066613500355272
CERTIFICATE,80.75,0.000057418500306232
RA_SIGNATURE,65.34,0.000066613500355272
CERTIFICATE,71.33,0.000057418500306232
RA_SIGNATURE,67.44,0.000066613500355272
CERTIFICATE,68.63,0.000057418500306232
RA_SIGNATURE,58.37,0.000066613500355272
CERTIFICATE,68.03,0.000057418500306232
RA_SIGNATURE,57.08,0.000066613500355272
CERTIFICATE,89.82,0.000057418500306232
RA_SIGNATURE,77.05,0.000066613500355272
CERTIFICATE,80.71,0.000057418500306232
RA_SIGNATURE,80.7,0.000066613500355272
CERTIFICATE,60.54,0.000057418500306232
RA_SIGNATURE,53.64,0.000066613500355272
CERTIFICATE,65.93,0.000057418500306232
RA_SIGNATURE,51.31,0.000066613500355272
CERTIFICATE,59.5,0.000061618500328632
RA_SIGNATURE,55.17,0.000083431500444968
CERTIFICATE,47.94,0.000057418500306232
RA_SIGNATURE,59.91,0.000066631500355368
CERTIFICATE,57.98,0.000057418500306232
RA_SIGNATURE,66.07,0.000066631500355368
CERTIFICATE,64.93,0.000057418500306232
RA_SIGNATURE,57.37,0.000066631500355368
CERTIFICATE,64.46,0.000057418500306232
RA_SIGNATURE,62.41,0.000066631500355368
CERTIFICATE,75.51,0.000057418500306232
RA_SIGNATURE,53.1,0.000066631500355368
CERTIFICATE,64.08,0.000057418500306232
RA_SIGNATURE,51.82,0.000066631500355368
CERTIFICATE,63.65,0.000057418500306232
RA_SIGNATURE,58.9,0.000066631500355368
CERTIFICATE,62.44,0.000057418500306232
RA_SIGNATURE,52.9,0.000066631500355368
CERTIFICATE,68.86,0.000057418500306232
RA_SIGNATURE,52.97,0.000066631500355368
CERTIFICATE,53.61,0.000061618500328632
RA_SIGNATURE,58.27,0.000083431500444968
CERTIFICATE,48.22,0.000057418500306232
RA_SIGNATURE,74.92,0.000066631500355368
CERTIFICATE,73.34,0.000057418500306232
RA_SIGNATURE,75.03,0.000066631500355368
CERTIFICATE,49.07,0.000057418500306232
RA_SIGNATURE,60.82,0.000066631500355368
CERTIFICATE,51.86,0.000057418500306232
RA_SIGNATURE,102.89,0.000066631500355368
CERTIFICATE,72.14,0.000057418500306232
RA_SIGNATURE,78.36,0.000066631500355368
CERTIFICATE,79.47,0.000057418500306232
RA_SIGNATURE,55.92,0.000066631500355368
CERTIFICATE,59.48,0.000057418500306232
RA_SIGNATURE,56.31,0.000066631500355368
CERTIFICATE,63.31,0.000057418500306232
RA_SIGNATURE,64.45,0.000066631500355368
CERTIFICATE,73.86,0.000057418500306232
RA_SIGNATURE,55.59,0.000066631500355368
CERTIFICATE,88.96,0.000061600500328536
RA_SIGNATURE,82.71,0.000083413500444872
CERTIFICATE,80.54,0.000057400500306136
RA_SIGNATURE,60.18,0.000066613500355272
CERTIFICATE,68.69,0.000057400500306136
RA_SIGNATURE,62.36,0.000066613500355272
CERTIFICATE,91.22,0.000057400500306136
RA_SIGNATURE,62.65,0.000066613500355272
CERTIFICATE,55.29,0.000057400500306136
RA_SIGNATURE,55.94,0.000066613500355272
CERTIFICATE,43.63,0.000057400500306136
RA_SIGNATURE,57.2,0.000066613500355272
CERTIFICATE,78.01,0.000057400500306136
RA_SIGNATURE,61.8,0.000066613500355272
CERTIFICATE,67.03,0.000057400500306136
RA_SIGNATURE,62.56,0.000066613500355272
CERTIFICATE,64.12,0.000057400500306136
RA_SIGNATURE,62.2,0.000066613500355272
CERTIFICATE,53.23,0.000057400500306136
RA_SIGNATURE,51.61,0.000066613500355272
CERTIFICATE,54.52,0.000061618500328632
RA_SIGNATURE,54.57,0.000083431500444968
CERTIFICATE,53.43,0.000057418500306232
RA_SIGNATURE,50.2,0.000066631500355368
CERTIFICATE,78.9,0.000057418500306232
RA_SIGNATURE,59.46,0.000066631500355368
CERTIFICATE,71.99,0.000057418500306232
RA_SIGNATURE,51.76,0.000066631500355368
CERTIFICATE,58.93,0.000057418500306232
RA_SIGNATURE,60.84,0.000066631500355368
CERTIFICATE,66.78,0.000057418500306232
RA_SIGNATURE,67.63,0.000066631500355368
CERTIFICATE,81.17,0.000057418500306232
RA_SIGNATURE,60.57,0.000066631500355368
CERTIFICATE,64.36,0.000057418500306232
RA_SIGNATURE,73.35,0.000066631500355368
CERTIFICATE,64.14,0.000057418500306232
RA_SIGNATURE,58.31,0.000066631500355368
CERTIFICATE,53.37,0.000057418500306232
RA_SIGNATURE,51.5,0.000066631500355368
CERTIFICATE,57.61,0.000061618500328632
RA_SIGNATURE,52.31,0.000083431500444968
CERTIFICATE,62.74,0.000057418500306232
RA_SIGNATURE,52.55,0.000066631500355368
CERTIFICATE,63.51,0.000057418500306232
RA_SIGNATURE,59.84,0.000066631500355368
CERTIFICATE,82.04,0.000057418500306232
RA_SIGNATURE,69.89,0.000066631500355368
CERTIFICATE,63.94,0.000057418500306232
RA_SIGNATURE,51.37,0.000066631500355368
CERTIFICATE,58.52,0.000057418500306232
RA_SIGNATURE,57.38,0.000066631500355368
CERTIFICATE,59.4,0.000057418500306232
RA_SIGNATURE,59.94,0.000066631500355368
CERTIFICATE,78.5,0.000057418500306232
RA_SIGNATURE,56.81,0.000066631500355368
CERTIFICATE,67.76,0.000057418500306232
RA_SIGNATURE,56.78,0.000066631500355368
CERTIFICATE,79.52,0.000057418500306232
RA_SIGNATURE,66.14,0.000066631500355368
CERTIFICATE,105.38,0.000061618500328632
RA_SIGNATURE,61.6,0.000079231500422568
CERTIFICATE,67.46,0.000057418500306232
RA_SIGNATURE,50.56,0.000066631500355368
CERTIFICATE,55.89,0.000057418500306232
RA_SIGNATURE,53.16,0.000066631500355368
CERTIFICATE,73.31,0.000057418500306232
RA_SIGNATURE,51.07,0.000066631500355368
CERTIFICATE,68.5,0.000057418500306232
RA_SIGNATURE,64.79,0.000066631500355368
CERTIFICATE,104.64,0.000057418500306232
RA_SIGNATURE,103.2,0.000066631500355368
CERTIFICATE,78.41,0.000057418500306232
RA_SIGNATURE,61,0.000066631500355368
CERTIFICATE,60.94,0.000057418500306232
RA_SIGNATURE,52.55,0.000066631500355368
CERTIFICATE,66.06,0.000057418500306232
RA_SIGNATURE,58.88,0.000066631500355368
CERTIFICATE,62.84,0.000057418500306232
RA_SIGNATURE,69.97,0.000066631500355368
CERTIFICATE,67.37,0.000061618500328632
RA_SIGNATURE,64.99,0.000083413500444872
CERTIFICATE,47.97,0.000057418500306232
RA_SIGNATURE,54.16,0.000066613500355272
CERTIFICATE,65.6,0.000057418500306232
RA_SIGNATURE,52.14,0.000066613500355272
CERTIFICATE,69.57,0.000057418500306232
RA_SIGNATURE,57.82,0.000066613500355272
CERTIFICATE,56.84,0.000057418500306232
RA_SIGNATURE,56.22,0.000066613500355272
CERTIFICATE,79.66,0.000057418500306232
RA_SIGNATURE,58.68,0.000066613500355272
CERTIFICATE,82.95,0.000057418500306232
RA_SIGNATURE,69.13,0.000066613500355272
CERTIFICATE,77.82,0.000057418500306232
RA_SIGNATURE,61.56,0.000066613500355272
CERTIFICATE,64.19,0.000057418500306232
RA_SIGNATURE,53.23,0.000066613500355272
CERTIFICATE,55.32,0.000057418500306232
RA_SIGNATURE,57.46,0.000066613500355272
CERTIFICATE,78.53,0.000061618500328632
RA_SIGNATURE,72.39,0.000083431500444968
CERTIFICATE,61.2,0.000057418500306232
RA_SIGNATURE,55.55,0.000066631500355368
CERTIFICATE,78.13,0.000057418500306232
RA_SIGNATURE,64.77,0.000066631500355368
CERTIFICATE,76.93,0.000057418500306232
RA_SIGNATURE,71.57,0.000066631500355368
CERTIFICATE,68.87,0.000057418500306232
RA_SIGNATURE,54.79,0.000066631500355368
CERTIFICATE,81.24,0.000057418500306232
RA_SIGNATURE,80.64,0.000066631500355368
CERTIFICATE,59.86,0.000057418500306232
RA_SIGNATURE,55.09,0.000066631500355368
CERTIFICATE,79.4,0.000057418500306232
RA_SIGNATURE,67.1,0.000066631500355368
CERTIFICATE,77.19,0.000057418500306232
RA_SIGNATURE,69.83,0.000066631500355368
CERTIFICATE,81.08,0.000057418500306232
RA_SIGNATURE,65.21,0.000066631500355368
CERTIFICATE,55.9,0.000061618500328632
RA_SIGNATURE,61.11,0.000083431500444968
CERTIFICATE,68.88,0.000057418500306232
RA_SIGNATURE,49.84,0.000066631500355368
CERTIFICATE,75.9,0.000057418500306232
RA_SIGNATURE,67.07,0.000066631500355368
CERTIFICATE,63.65,0.000057418500306232
RA_SIGNATURE,55.16,0.000066631500355368
CERTIFICATE,78.37,0.000057418500306232
RA_SIGNATURE,65.71,0.000066631500355368
CERTIFICATE,66.24,0.000057418500306232
RA_SIGNATURE,64.22,0.000066631500355368
CERTIFICATE,79.46,0.000057418500306232
RA_SIGNATURE,69.37,0.000066631500355368
CERTIFICATE,68.34,0.000057418500306232
RA_SIGNATURE,56.29,0.000066631500355368
CERTIFICATE,69.14,0.000057418500306232
RA_SIGNATURE,97.48,0.000066631500355368
CERTIFICATE,60.64,0.000057418500306232
RA_SIGNATURE,72.52,0.000066631500355368
CERTIFICATE,64.31,0.000061618500328632
RA_SIGNATURE,77.47,0.000083431500444968
CERTIFICATE,50.02,0.000057418500306232
RA_SIGNATURE,61.45,0.000066631500355368
CERTIFICATE,57.37,0.000057418500306232
RA_SIGNATURE,52.34,0.000066631500355368
CERTIFICATE,72.54,0.000057418500306232
RA_SIGNATURE,69.19,0.000066631500355368
CERTIFICATE,69.6,0.000057418500306232
RA_SIGNATURE,90.57,0.000066631500355368
CERTIFICATE,49.89,0.000057418500306232
RA_SIGNATURE,58.79,0.000066631500355368
CERTIFICATE,78.4,0.000057418500306232
RA_SIGNATURE,72.7,0.000066631500355368
CERTIFICATE,78.44,0.000057418500306232
RA_SIGNATURE,79.98,0.000066631500355368
CERTIFICATE,67.77,0.000057418500306232
RA_SIGNATURE,59.55,0.000066631500355368
CERTIFICATE,58.95,0.000057418500306232
RA_SIGNATURE,58.55,0.000066631500355368
CERTIFICATE,50.75,0.000061618500328632
RA_SIGNATURE,55.81,0.000083431500444968
CERTIFICATE,71.79,0.000057418500306232
RA_SIGNATURE,61.09,0.000066631500355368
CERTIFICATE,63.4,0.000057418500306232
RA_SIGNATURE,55.98,0.000066631500355368
CERTIFICATE,63.01,0.000057418500306232
RA_SIGNATURE,52.34,0.000066631500355368
CERTIFICATE,67.96,0.000057418500306232
RA_SIGNATURE,55.56,0.000066631500355368
CERTIFICATE,84.1,0.000057418500306232
RA_SIGNATURE,63.03,0.000066631500355368
CERTIFICATE,64.84,0.000057418500306232
RA_SIGNATURE,53.26,0.000066631500355368
CERTIFICATE,61.08,0.000057418500306232
RA_SIGNATURE,65.54,0.000066631500355368
CERTIFICATE,57.02,0.000057418500306232
RA_SIGNATURE,53.68,0.000066631500355368
CERTIFICATE,61.14,0.000057418500306232
RA_SIGNATURE,59.34,0.000066631500355368
CERTIFICATE,56.7,0.000061618500328632
RA_SIGNATURE,56.23,0.000083431500444968
CERTIFICATE,66.2,0.000057418500306232
RA_SIGNATURE,61.52,0.000066631500355368
CERTIFICATE,80.61,0.000057418500306232
RA_SIGNATURE,57.99,0.000066631500355368
CERTIFICATE,83.14,0.000057418500306232
RA_SIGNATURE,79.11,0.000066631500355368
CERTIFICATE,56.86,0.000057418500306232
RA_SIGNATURE,60.4,0.000066631500355368
CERTIFICATE,68.73,0.000057418500306232
RA_SIGNATURE,55.07,0.000066631500355368
CERTIFICATE,79.55,0.000057418500306232
RA_SIGNATURE,79.26,0.000066631500355368
CERTIFICATE,82.3,0.000057418500306232
RA_SIGNATURE,105.61,0.000066631500355368
CERTIFICATE,78.59,0.000057418500306232
RA_SIGNATURE,63.51,0.000066631500355368
CERTIFICATE,65.69,0.000057418500306232
RA_SIGNATURE,54.72,0.000066631500355368
CERTIFICATE,55.59,0.000061618500328632
RA_SIGNATURE,55.36,0.000083413500444872
CERTIFICATE,56.34,0.000057418500306232
RA_SIGNATURE,100.29,0.000066613500355272
CERTIFICATE,65.63,0.000057418500306232
RA_SIGNATURE,54.67,0.000066613500355272
CERTIFICATE,43.38,0.000057418500306232
RA_SIGNATURE,53.85,0.000066613500355272
CERTIFICATE,58.67,0.000057418500306232
RA_SIGNATURE,51.88,0.000066613500355272
CERTIFICATE,47.69,0.000057418500306232
RA_SIGNATURE,52.65,0.000066613500355272
CERTIFICATE,65.09,0.000057418500306232
RA_SIGNATURE,61.52,0.000066613500355272
CERTIFICATE,64.08,0.000057418500306232
RA_SIGNATURE,50.97,0.000066613500355272
CERTIFICATE,79.18,0.000057418500306232
RA_SIGNATURE,68.36,0.000066613500355272
CERTIFICATE,73.59,0.000057418500306232
RA_SIGNATURE,67.61,0.000066613500355272
CERTIFICATE,82.47,0.000061618500328632
RA_SIGNATURE,59.53,0.000083413500444872
CERTIFICATE,73.66,0.000057418500306232
RA_SIGNATURE,73.52,0.000066613500355272
CERTIFICATE,56.99,0.000057418500306232
RA_SIGNATURE,56.08,0.000066613500355272
CERTIFICATE,69.49,0.000057418500306232
RA_SIGNATURE,63.89,0.000066613500355272
CERTIFICATE,56.42,0.000057418500306232
RA_SIGNATURE,93.01,0.000066613500355272
CERTIFICATE,66.5,0.000057418500306232
RA_SIGNATURE,62.47,0.000066613500355272
CERTIFICATE,77.06,0.000057418500306232
RA_SIGNATURE,60.97,0.000066613500355272
CERTIFICATE,54.58,0.000057418500306232
RA_SIGNATURE,53.03,0.000066613500355272
CERTIFICATE,56.22,0.000057418500306232
RA_SIGNATURE,50.62,0.000066613500355272
CERTIFICATE,58.03,0.000057418500306232
RA_SIGNATURE,55.6,0.000066613500355272
CERTIFICATE,52.14,0.000061618500328632
RA_SIGNATURE,95.59,0.000083413500444872
CERTIFICATE,79.32,0.000057418500306232
RA_SIGNATURE,60.48,0.000066613500355272
CERTIFICATE,52.54,0.000057418500306232
RA_SIGNATURE,51.75,0.000066613500355272
CERTIFICATE,79.27,0.000057418500306232
RA_SIGNATURE,75.16,0.000066613500355272
CERTIFICATE,48.32,0.000057418500306232
RA_SIGNATURE,59.21,0.000066613500355272
CERTIFICATE,67.76,0.000057418500306232
RA_SIGNATURE,54.51,0.000066613500355272
CERTIFICATE,74.12,0.000057418500306232
RA_SIGNATURE,54.97,0.000066613500355272
CERTIFICATE,61.43,0.000057418500306232
RA_SIGNATURE,71.34,0.000066613500355272
CERTIFICATE,65.34,0.000057418500306232
RA_SIGNATURE,63.94,0.000066613500355272
CERTIFICATE,55.35,0.000057418500306232
RA_SIGNATURE,71.01,0.000066613500355272
CERTIFICATE,67.39,0.000061600500328536
RA_SIGNATURE,71.2,0.000083431500444968
CERTIFICATE,71.57,0.000057400500306136
RA_SIGNATURE,94.11,0.000066631500355368
CERTIFICATE,72.98,0.000057400500306136
RA_SIGNATURE,57.56,0.000066631500355368
CERTIFICATE,54.47,0.000057400500306136
RA_SIGNATURE,58.79,0.000066631500355368
CERTIFICATE,61.63,0.000057400500306136
RA_SIGNATURE,59.61,0.000066631500355368
CERTIFICATE,68.36,0.000057400500306136
RA_SIGNATURE,57.95,0.000066631500355368
CERTIFICATE,72.57,0.000057400500306136
RA_SIGNATURE,68.57,0.000066631500355368
CERTIFICATE,63.52,0.000057400500306136
RA_SIGNATURE,98.7,0.000066631500355368
CERTIFICATE,84.86,0.000057400500306136
RA_SIGNATURE,53.76,0.000066631500355368
CERTIFICATE,61.35,0.000057400500306136
RA_SIGNATURE,66.98,0.000066631500355368
CERTIFICATE,78.78,0.000061600500328536
RA_SIGNATURE,67.27,0.000083431500444968
CERTIFICATE,62.92,0.000057400500306136
RA_SIGNATURE,64.76,0.000066631500355368
CERTIFICATE,71.44,0.000057400500306136
RA_SIGNATURE,74.34,0.000066631500355368
CERTIFICATE,61,0.000057400500306136
RA_SIGNATURE,61.35,0.000066631500355368
CERTIFICATE,45.78,0.000057400500306136
RA_SIGNATURE,63.67,0.000066631500355368
CERTIFICATE,78.54,0.000057400500306136
RA_SIGNATURE,58.27,0.000066631500355368
CERTIFICATE,70.29,0.000057400500306136
RA_SIGNATURE,71.14,0.000066631500355368
CERTIFICATE,79.02,0.000057400500306136
RA_SIGNATURE,60.05,0.000066631500355368
CERTIFICATE,83.43,0.000057400500306136
RA_SIGNATURE,66.46,0.000066631500355368
CERTIFICATE,75.84,0.000057400500306136
RA_SIGNATURE,69.68,0.000066631500355368
CERTIFICATE,71.38,0.000061618500328632
RA_SIGNATURE,52.31,0.000083431500444968
CERTIFICATE,58.29,0.000057418500306232
RA_SIGNATURE,53.65,0.000066631500355368
CERTIFICATE,68.17,0.000057418500306232
RA_SIGNATURE,61.47,0.000066631500355368
CERTIFICATE,91.99,0.000057418500306232
RA_SIGNATURE,69.1,0.000066631500355368
CERTIFICATE,87,0.000057418500306232
RA_SIGNATURE,62.2,0.000066631500355368
CERTIFICATE,61.67,0.000057418500306232
RA_SIGNATURE,56.72,0.000066631500355368
CERTIFICATE,93.82,0.000057418500306232
RA_SIGNATURE,64.27,0.000066631500355368
CERTIFICATE,57.98,0.000057418500306232
RA_SIGNATURE,58.55,0.000066631500355368
CERTIFICATE,76.17,0.000057418500306232
RA_SIGNATURE,76.7,0.000066631500355368
CERTIFICATE,64.76,0.000057418500306232
RA_SIGNATURE,69.14,0.000066631500355368
CERTIFICATE,76.93,0.000061618500328632
RA_SIGNATURE,84.19,0.000083413500444872
CERTIFICATE,103.78,0.000057418500306232
RA_SIGNATURE,79.77,0.000066613500355272
CERTIFICATE,80.21,0.000057418500306232
RA_SIGNATURE,70.01,0.000066613500355272
CERTIFICATE,61.83,0.000057418500306232
RA_SIGNATURE,55.51,0.000066613500355272
CERTIFICATE,83.09,0.000057418500306232
RA_SIGNATURE,50.56,0.000066613500355272
CERTIFICATE,87.65,0.000057418500306232
RA_SIGNATURE,61.82,0.000066613500355272
CERTIFICATE,73.82,0.000057418500306232
RA_SIGNATURE,58.37,0.000066613500355272
CERTIFICATE,74.21,0.000057418500306232
RA_SIGNATURE,63.14,0.000066613500355272
CERTIFICATE,55.74,0.000057418500306232
RA_SIGNATURE,70.74,0.000066613500355272
CERTIFICATE,65.87,0.000057418500306232
RA_SIGNATURE,68.44,0.000066613500355272
CERTIFICATE,60.55,0.000061618500328632
RA_SIGNATURE,59.57,0.000083431500444968
CERTIFICATE,77.89,0.000057418500306232
RA_SIGNATURE,62.6,0.000066631500355368
CERTIFICATE,51.73,0.000057418500306232
RA_SIGNATURE,54.16,0.000066631500355368
CERTIFICATE,70.86,0.000057418500306232
RA_SIGNATURE,57.2,0.000066631500355368
CERTIFICATE,68.73,0.000057418500306232
RA_SIGNATURE,68.66,0.000066631500355368
CERTIFICATE,75.23,0.000057418500306232
RA_SIGNATURE,57.35,0.000066631500355368
CERTIFICATE,70.72,0.000057418500306232
RA_SIGNATURE,54.18,0.000066631500355368
CERTIFICATE,58.48,0.000057418500306232
RA_SIGNATURE,52.58,0.000066631500355368
CERTIFICATE,64.64,0.000057418500306232
RA_SIGNATURE,85.7,0.000066631500355368
CERTIFICATE,42.86,0.000057418500306232
RA_SIGNATURE,56.72,0.000066631500355368
CERTIFICATE,49.72,0.000061618500328632
RA_SIGNATURE,56.95,0.000079213500422472
CERTIFICATE,64.37,0.000057418500306232
RA_SIGNATURE,57.95,0.000066613500355272
CERTIFICATE,53.67,0.000057418500306232
RA_SIGNATURE,50.18,0.000066613500355272
CERTIFICATE,46.39,0.000057418500306232
RA_SIGNATURE,55.31,0.000066613500355272
CERTIFICATE,48.81,0.000057418500306232
RA_SIGNATURE,58.37,0.000066613500355272
CERTIFICATE,77.05,0.000057418500306232
RA_SIGNATURE,64.2,0.000066613500355272
CERTIFICATE,60.78,0.000057418500306232
RA_SIGNATURE,69.38,0.000066613500355272
CERTIFICATE,87.23,0.000057418500306232
RA_SIGNATURE,75.47,0.000066613500355272
CERTIFICATE,57.47,0.000057418500306232
RA_SIGNATURE,50.92,0.000066613500355272
CERTIFICATE,76.96,0.000057418500306232
RA_SIGNATURE,55.82,0.000066613500355272
CERTIFICATE,79.68,0.000061618500328632
RA_SIGNATURE,73.2,0.000083431500444968
CERTIFICATE,56.59,0.000057418500306232
RA_SIGNATURE,79.18,0.000066631500355368
CERTIFICATE,65.67,0.000057418500306232
RA_SIGNATURE,71.6,0.000066631500355368
CERTIFICATE,61.36,0.000057418500306232
RA_SIGNATURE,53.52,0.000066631500355368
CERTIFICATE,55.43,0.000057418500306232
RA_SIGNATURE,60.13,0.000066631500355368
CERTIFICATE,104.49,0.000057418500306232
RA_SIGNATURE,59.48,0.000066631500355368
CERTIFICATE,51.29,0.000057418500306232
RA_SIGNATURE,50.08,0.000066631500355368
CERTIFICATE,63.21,0.000057418500306232
RA_SIGNATURE,52.67,0.000066631500355368
CERTIFICATE,77.14,0.000057418500306232
RA_SIGNATURE,60.75,0.000066631500355368
CERTIFICATE,78.91,0.000057418500306232
RA_SIGNATURE,62.53,0.000066631500355368
CERTIFICATE,56.48,0.000061618500328632
RA_SIGNATURE,55.29,0.000079231500422568
CERTIFICATE,57.97,0.000057418500306232
RA_SIGNATURE,55.21,0.000066631500355368
CERTIFICATE,58.83,0.000057418500306232
RA_SIGNATURE,69.82,0.000066631500355368
CERTIFICATE,62.87,0.000057418500306232
RA_SIGNATURE,68.35,0.000066631500355368
CERTIFICATE,74.83,0.000057418500306232
RA_SIGNATURE,60.27,0.000066631500355368
CERTIFICATE,75.92,0.000057418500306232
RA_SIGNATURE,57.21,0.000066631500355368
CERTIFICATE,52.25,0.000057418500306232
RA_SIGNATURE,52,0.000066631500355368
CERTIFICATE,58.4,0.000057418500306232
RA_SIGNATURE,70.54,0.000066631500355368
CERTIFICATE,72.72,0.000057418500306232
RA_SIGNATURE,59.35,0.000066631500355368
CERTIFICATE,54.83,0.000057418500306232
RA_SIGNATURE,58.18,0.000066631500355368
CERTIFICATE,68.72,0.000061618500328632
RA_SIGNATURE,67.73,0.000083431500444968
CERTIFICATE,73.09,0.000057418500306232
RA_SIGNATURE,69.77,0.000066631500355368
CERTIFICATE,81.86,0.000057418500306232
RA_SIGNATURE,73.47,0.000066631500355368
CERTIFICATE,79.08,0.000057418500306232
RA_SIGNATURE,60.49,0.000066631500355368
CERTIFICATE,59.95,0.000057418500306232
RA_SIGNATURE,56.36,0.000066631500355368
CERTIFICATE,67.77,0.000057418500306232
RA_SIGNATURE,53.19,0.000066631500355368
CERTIFICATE,75.72,0.000057418500306232
RA_SIGNATURE,50.95,0.000066631500355368
CERTIFICATE,70.02,0.000057418500306232
RA_SIGNATURE,53.78,0.000066631500355368
CERTIFICATE,71.68,0.000057418500306232
RA_SIGNATURE,61.49,0.000066631500355368
CERTIFICATE,72.34,0.000057418500306232
RA_SIGNATURE,83.65,0.000066631500355368
CERTIFICATE,81.33,0.000061618500328632
RA_SIGNATURE,68.92,0.000079231500422568
CERTIFICATE,72.83,0.000057418500306232
RA_SIGNATURE,89.76,0.000066631500355368
CERTIFICATE,58.63,0.000057418500306232
RA_SIGNATURE,61.11,0.000066631500355368
CERTIFICATE,50.33,0.000057418500306232
RA_SIGNATURE,53.98,0.000066631500355368
CERTIFICATE,81.51,0.000057418500306232
RA_SIGNATURE,71.9,0.000066631500355368
CERTIFICATE,68.47,0.000057418500306232
RA_SIGNATURE,74.85,0.000066631500355368
CERTIFICATE,63.41,0.000057418500306232
RA_SIGNATURE,77.07,0.000066631500355368
CERTIFICATE,47.03,0.000057418500306232
RA_SIGNATURE,62.09,0.000066631500355368
CERTIFICATE,77.94,0.000057418500306232
RA_SIGNATURE,59.33,0.000066631500355368
CERTIFICATE,66.97,0.000057418500306232
RA_SIGNATURE,66.98,0.000066631500355368
CERTIFICATE,59.27,0.000061618500328632
RA_SIGNATURE,72.61,0.000079231500422568
CERTIFICATE,88.1,0.000057418500306232
RA_SIGNATURE,63.66,0.000066631500355368
CERTIFICATE,77.71,0.000057418500306232
RA_SIGNATURE,66.24,0.000066631500355368
CERTIFICATE,84.86,0.000057418500306232
RA_SIGNATURE,69.84,0.000066631500355368
CERTIFICATE,75.79,0.000057418500306232
RA_SIGNATURE,58.22,0.000066631500355368
CERTIFICATE,59.32,0.000057418500306232
RA_SIGNATURE,59.37,0.000066631500355368
CERTIFICATE,79.44,0.000057418500306232
RA_SIGNATURE,57.14,0.000066631500355368
CERTIFICATE,84.09,0.000057418500306232
RA_SIGNATURE,74.08,0.000066631500355368
CERTIFICATE,45.35,0.000057418500306232
RA_SIGNATURE,57.88,0.000066631500355368
CERTIFICATE,79.56,0.000057418500306232
RA_SIGNATURE,68.32,0.000066631500355368
CERTIFICATE,65.65,0.000061618500328632
RA_SIGNATURE,64.07,0.000079195500422376
CERTIFICATE,50.15,0.000057418500306232
RA_SIGNATURE,60.28,0.000066595500355176
CERTIFICATE,61.86,0.000057418500306232
RA_SIGNATURE,54.54,0.000066595500355176
CERTIFICATE,53.65,0.000057418500306232
RA_SIGNATURE,57.23,0.000066595500355176
CERTIFICATE,51.78,0.000057418500306232
RA_SIGNATURE,55.97,0.000066595500355176
CERTIFICATE,61.75,0.000057418500306232
RA_SIGNATURE,54.62,0.000066595500355176
CERTIFICATE,52.94,0.000057418500306232
RA_SIGNATURE,53.12,0.000066595500355176
CERTIFICATE,48.59,0.000057418500306232
RA_SIGNATURE,63.07,0.000066595500355176
CERTIFICATE,80.25,0.000057418500306232
RA_SIGNATURE,64.12,0.000066595500355176
CERTIFICATE,47.57,0.000057418500306232
RA_SIGNATURE,60.04,0.000066595500355176
CERTIFICATE,49.02,0.000061618500328632
RA_SIGNATURE,60.57,0.000083395500444776
CERTIFICATE,49.76,0.000057418500306232
RA_SIGNATURE,50.78,0.000066595500355176
CERTIFICATE,57.87,0.000057418500306232
RA_SIGNATURE,51.57,0.000066595500355176
CERTIFICATE,57.55,0.000057418500306232
RA_SIGNATURE,67.53,0.000066595500355176
CERTIFICATE,47.38,0.000057418500306232
RA_SIGNATURE,57.79,0.000066595500355176
CERTIFICATE,47.62,0.000057418500306232
RA_SIGNATURE,58.4,0.000066595500355176
CERTIFICATE,51.24,0.000057418500306232
RA_SIGNATURE,55.18,0.000066595500355176
CERTIFICATE,55.09,0.000057418500306232
RA_SIGNATURE,54.38,0.000066595500355176
CERTIFICATE,56.45,0.000057418500306232
RA_SIGNATURE,64.62,0.000066595500355176
CERTIFICATE,62.48,0.000057418500306232
RA_SIGNATURE,54.87,0.000066595500355176
CERTIFICATE,82.94,0.000061600500328536
RA_SIGNATURE,53.49,0.000083431500444968
CERTIFICATE,50.34,0.000057400500306136
RA_SIGNATURE,68.57,0.000066631500355368
CERTIFICATE,53.16,0.000057400500306136
RA_SIGNATURE,58.07,0.000066631500355368
CERTIFICATE,71.02,0.000057400500306136
RA_SIGNATURE,57.59,0.000066631500355368
CERTIFICATE,55.75,0.000057400500306136
RA_SIGNATURE,57.58,0.000066631500355368
CERTIFICATE,49.57,0.000057400500306136
RA_SIGNATURE,106.96,0.000066631500355368
CERTIFICATE,54.14,0.000057400500306136
RA_SIGNATURE,59.44,0.000066631500355368
CERTIFICATE,59.11,0.000057400500306136
RA_SIGNATURE,57.23,0.000066631500355368
CERTIFICATE,52.82,0.000057400500306136
RA_SIGNATURE,61.73,0.000066631500355368
CERTIFICATE,54.65,0.000057400500306136
RA_SIGNATURE,59.15,0.000066631500355368
CERTIFICATE,48.35,0.000061618500328632
RA_SIGNATURE,56.89,0.000079195500422376
CERTIFICATE,53.55,0.000057418500306232
RA_SIGNATURE,99.56,0.000066595500355176
CERTIFICATE,60.33,0.000057418500306232
RA_SIGNATURE,64.68,0.000066595500355176
CERTIFICATE,48.39,0.000057418500306232
RA_SIGNATURE,63.85,0.000066595500355176
CERTIFICATE,52.54,0.000057418500306232
RA_SIGNATURE,55.85,0.000066595500355176
CERTIFICATE,55.01,0.000057418500306232
RA_SIGNATURE,57.54,0.000066595500355176
CERTIFICATE,49.29,0.000057418500306232
RA_SIGNATURE,55.22,0.000066595500355176
CERTIFICATE,50.03,0.000057418500306232
RA_SIGNATURE,65.39,0.000066595500355176
CERTIFICATE,67.65,0.000057418500306232
RA_SIGNATURE,74.39,0.000066595500355176
CERTIFICATE,55.94,0.000057418500306232
RA_SIGNATURE,53.6,0.000066595500355176
CERTIFICATE,51.99,0.000061618500328632
RA_SIGNATURE,66.65,0.000083431500444968
CERTIFICATE,63.55,0.000057418500306232
RA_SIGNATURE,65.34,0.000066631500355368
CERTIFICATE,61.44,0.000057418500306232
RA_SIGNATURE,52.82,0.000066631500355368
CERTIFICATE,49.75,0.000057418500306232
RA_SIGNATURE,55.59,0.000066631500355368
CERTIFICATE,55.1,0.000057418500306232
RA_SIGNATURE,56.4,0.000066631500355368
CERTIFICATE,56.04,0.000057418500306232
RA_SIGNATURE,55.31,0.000066631500355368
CERTIFICATE,56.56,0.000057418500306232
RA_SIGNATURE,51.19,0.000066631500355368
CERTIFICATE,50.49,0.000057418500306232
RA_SIGNATURE,53.77,0.000066631500355368
CERTIFICATE,48.65,0.000057418500306232
RA_SIGNATURE,58.69,0.000066631500355368
CERTIFICATE,68.95,0.000057418500306232
RA_SIGNATURE,56.02,0.000066631500355368
CERTIFICATE,51.31,0.000061618500328632
RA_SIGNATURE,55.82,0.000079231500422568
CERTIFICATE,57.44,0.000057418500306232
RA_SIGNATURE,64.03,0.000066631500355368
CERTIFICATE,54.63,0.000057418500306232
RA_SIGNATURE,57.38,0.000066631500355368
CERTIFICATE,49.17,0.000057418500306232
RA_SIGNATURE,56.52,0.000066631500355368
CERTIFICATE,48.29,0.000057418500306232
RA_SIGNATURE,54.14,0.000066631500355368
CERTIFICATE,54.66,0.000057418500306232
RA_SIGNATURE,59.18,0.000066631500355368
CERTIFICATE,62.42,0.000057418500306232
RA_SIGNATURE,71.76,0.000066631500355368
CERTIFICATE,88.23,0.000057418500306232
RA_SIGNATURE,56.67,0.000066631500355368
CERTIFICATE,46.47,0.000057418500306232
RA_SIGNATURE,56.93,0.000066631500355368
CERTIFICATE,55.45,0.000057418500306232
RA_SIGNATURE,54.25,0.000066631500355368
CERTIFICATE,69.05,0.000061618500328632
RA_SIGNATURE,77.66,0.000083431500444968
CERTIFICATE,47.36,0.000057418500306232
RA_SIGNATURE,53.25,0.000066631500355368
CERTIFICATE,51.56,0.000057418500306232
RA_SIGNATURE,59.76,0.000066631500355368
CERTIFICATE,58.08,0.000057418500306232
RA_SIGNATURE,52.23,0.000066631500355368
CERTIFICATE,53.56,0.000057418500306232
RA_SIGNATURE,64.7,0.000066631500355368
CERTIFICATE,51.66,0.000057418500306232
RA_SIGNATURE,55.82,0.000066631500355368
CERTIFICATE,57.88,0.000057418500306232
RA_SIGNATURE,112.82,0.000066631500355368
CERTIFICATE,54.07,0.000057418500306232
RA_SIGNATURE,61.23,0.000066631500355368
CERTIFICATE,62.48,0.000057418500306232
RA_SIGNATURE,67.84,0.000066631500355368
CERTIFICATE,54.42,0.000057418500306232
RA_SIGNATURE,58.82,0.000066631500355368
CERTIFICATE,67.14,0.000061600500328536
RA_SIGNATURE,54.7,0.000083431500444968
CERTIFICATE,53.34,0.000057400500306136
RA_SIGNATURE,54.98,0.000066631500355368
CERTIFICATE,72.61,0.000057400500306136
RA_SIGNATURE,68.44,0.000066631500355368
CERTIFICATE,52.39,0.000057400500306136
RA_SIGNATURE,59.75,0.000066631500355368
CERTIFICATE,57.14,0.000057400500306136
RA_SIGNATURE,55.2,0.000066631500355368
CERTIFICATE,64.28,0.000057400500306136
RA_SIGNATURE,55.55,0.000066631500355368
CERTIFICATE,51.42,0.000057400500306136
RA_SIGNATURE,58.99,0.000066631500355368
CERTIFICATE,59.48,0.000057400500306136
RA_SIGNATURE,56.09,0.000066631500355368
CERTIFICATE,58.93,0.000057400500306136
RA_SIGNATURE,59.67,0.000066631500355368
CERTIFICATE,53.35,0.000057400500306136
RA_SIGNATURE,58,0.000066631500355368
CERTIFICATE,54.06,0.000061618500328632
RA_SIGNATURE,57.62,0.000083431500444968
CERTIFICATE,52.7,0.000057418500306232
RA_SIGNATURE,54.44,0.000066631500355368
CERTIFICATE,55.66,0.000057418500306232
RA_SIGNATURE,56.14,0.000066631500355368
CERTIFICATE,56.61,0.000057418500306232
RA_SIGNATURE,57.5,0.000066631500355368
CERTIFICATE,59.05,0.000057418500306232
RA_SIGNATURE,56.87,0.000066631500355368
CERTIFICATE,49.37,0.000057418500306232
RA_SIGNATURE,65.74,0.000066631500355368
CERTIFICATE,49.23,0.000057418500306232
RA_SIGNATURE,57.96,0.000066631500355368
CERTIFICATE,54.32,0.000057418500306232
RA_SIGNATURE,53.16,0.000066631500355368
CERTIFICATE,55.8,0.000057418500306232
RA_SIGNATURE,55.44,0.000066631500355368
CERTIFICATE,54.24,0.000057418500306232
RA_SIGNATURE,53.42,0.000066631500355368
CERTIFICATE,55.09,0.000061618500328632
RA_SIGNATURE,62.81,0.000083431500444968
CERTIFICATE,80.24,0.000057418500306232
RA_SIGNATURE,55.93,0.000066631500355368
CERTIFICATE,53.22,0.000057418500306232
RA_SIGNATURE,59.03,0.000066631500355368
CERTIFICATE,68.58,0.000057418500306232
RA_SIGNATURE,52.56,0.000066631500355368
CERTIFICATE,72.95,0.000057418500306232
RA_SIGNATURE,59.01,0.000066631500355368
CERTIFICATE,45.1,0.000057418500306232
RA_SIGNATURE,50.3,0.000066631500355368
CERTIFICATE,63.25,0.000057418500306232
RA_SIGNATURE,78,0.000066631500355368
CERTIFICATE,53,0.000057418500306232
RA_SIGNATURE,52.07,0.000066631500355368
CERTIFICATE,47.01,0.000057418500306232
RA_SIGNATURE,52.89,0.000066631500355368
CERTIFICATE,50.41,0.000057418500306232
RA_SIGNATURE,53.58,0.000066631500355368
CERTIFICATE,45.56,0.000061618500328632
RA_SIGNATURE,55.05,0.000079231500422568
CERTIFICATE,44.66,0.000057418500306232
RA_SIGNATURE,54.25,0.000066631500355368
CERTIFICATE,45.74,0.000057418500306232
RA_SIGNATURE,52.37,0.000066631500355368
CERTIFICATE,47.76,0.000057418500306232
RA_SIGNATURE,51.47,0.000066631500355368
CERTIFICATE,46.44,0.000057418500306232
RA_SIGNATURE,50.63,0.000066631500355368
CERTIFICATE,55.07,0.000057418500306232
RA_SIGNATURE,48.19,0.000066631500355368
CERTIFICATE,68.23,0.000057418500306232
RA_SIGNATURE,55.46,0.000066631500355368
CERTIFICATE,49.27,0.000057418500306232
RA_SIGNATURE,58.13,0.000066631500355368
CERTIFICATE,54.97,0.000057418500306232
RA_SIGNATURE,54.31,0.000066631500355368
CERTIFICATE,51.46,0.000057418500306232
RA_SIGNATURE,54.7,0.000066631500355368
CERTIFICATE,65.98,0.000061618500328632
RA_SIGNATURE,53.92,0.000079231500422568
CERTIFICATE,69.39,0.000057418500306232
RA_SIGNATURE,68.64,0.000066631500355368
CERTIFICATE,45.86,0.000057418500306232
RA_SIGNATURE,49.63,0.000066631500355368
CERTIFICATE,68.51,0.000057418500306232
RA_SIGNATURE,55.97,0.000066631500355368
CERTIFICATE,54.61,0.000057418500306232
RA_SIGNATURE,56.03,0.000066631500355368
CERTIFICATE,48.08,0.000057418500306232
RA_SIGNATURE,56.36,0.000066631500355368
CERTIFICATE,50.47,0.000057418500306232
RA_SIGNATURE,60.73,0.000066631500355368
CERTIFICATE,54.46,0.000057418500306232
RA_SIGNATURE,52.05,0.000066631500355368
CERTIFICATE,53.96,0.000057418500306232
RA_SIGNATURE,52.18,0.000066631500355368
CERTIFICATE,46.77,0.000057418500306232
RA_SIGNATURE,53.5,0.000066631500355368
CERTIFICATE,46.57,0.000061618500328632
RA_SIGNATURE,53.24,0.000079231500422568
CERTIFICATE,46.5,0.000057418500306232
RA_SIGNATURE,52.16,0.000066631500355368
CERTIFICATE,33.93,0.000057418500306232
RA_SIGNATURE,50.01,0.000066631500355368
CERTIFICATE,33.43,0.000057418500306232
RA_SIGNATURE,36.86,0.000066631500355368
CERTIFICATE,32.86,0.000057418500306232
RA_SIGNATURE,36.96,0.000066631500355368
CERTIFICATE,31.44,0.000057418500306232
RA_SIGNATURE,43.37,0.000066631500355368
CERTIFICATE,31.94,0.000057418500306232
RA_SIGNATURE,48.82,0.000066631500355368
CERTIFICATE,33.55,0.000057418500306232
RA_SIGNATURE,39.08,0.000066631500355368
CERTIFICATE,34.58,0.000057418500306232
RA_SIGNATURE,40.57,0.000066631500355368
CERTIFICATE,34.07,0.000057418500306232
RA_SIGNATURE,35.25,0.000066631500355368
CERTIFICATE,36.67,0.000061618500328632
RA_SIGNATURE,35.83,0.000079195500422376
CERTIFICATE,29.45,0.000057418500306232
RA_SIGNATURE,35.97,0.000066595500355176
CERTIFICATE,30.08,0.000057418500306232
RA_SIGNATURE,36.23,0.000066595500355176
CERTIFICATE,33.55,0.000057418500306232
RA_SIGNATURE,34.75,0.000066595500355176
CERTIFICATE,31.79,0.000057418500306232
RA_SIGNATURE,34.13,0.000066595500355176
CERTIFICATE,31.53,0.000057418500306232
RA_SIGNATURE,48.41,0.000066595500355176
CERTIFICATE,33.12,0.000057418500306232
RA_SIGNATURE,36.91,0.000066595500355176
CERTIFICATE,30.91,0.000057418500306232
RA_SIGNATURE,51.27,0.000066595500355176
CERTIFICATE,32.4,0.000057418500306232
RA_SIGNATURE,34.67,0.000066595500355176
CERTIFICATE,32.36,0.000057418500306232
RA_SIGNATURE,37.33,0.000066595500355176
CERTIFICATE,32.77,0.000061618500328632
RA_SIGNATURE,35.2,0.000083413500444872
CERTIFICATE,33.13,0.000057418500306232
RA_SIGNATURE,35.07,0.000066613500355272
CERTIFICATE,33.24,0.000057418500306232
RA_SIGNATURE,34.54,0.000066613500355272
CERTIFICATE,33.04,0.000057418500306232
RA_SIGNATURE,33.88,0.000066613500355272
CERTIFICATE,31.59,0.000057418500306232
RA_SIGNATURE,35.97,0.000066613500355272
CERTIFICATE,33.84,0.000057418500306232
RA_SIGNATURE,34.24,0.000066613500355272
CERTIFICATE,31.76,0.000057418500306232
RA_SIGNATURE,32.06,0.000066613500355272
CERTIFICATE,31.77,0.000057418500306232
RA_SIGNATURE,36.03,0.000066613500355272
CERTIFICATE,31.87,0.000057418500306232
RA_SIGNATURE,40.61,0.000066613500355272
CERTIFICATE,32.83,0.000057418500306232
RA_SIGNATURE,38.16,0.000066613500355272
CERTIFICATE,36.45,0.000061618500328632
RA_SIGNATURE,39.36,0.000083431500444968
CERTIFICATE,33.1,0.000057418500306232
RA_SIGNATURE,35.83,0.000066631500355368
CERTIFICATE,43.98,0.000057418500306232
RA_SIGNATURE,40.03,0.000066631500355368
CERTIFICATE,32.66,0.000057418500306232
RA_SIGNATURE,35.8,0.000066631500355368
CERTIFICATE,35.56,0.000057418500306232
RA_SIGNATURE,40.61,0.000066631500355368
CERTIFICATE,31.82,0.000057418500306232
RA_SIGNATURE,41.61,0.000066631500355368
CERTIFICATE,35.68,0.000057418500306232
RA_SIGNATURE,40.15,0.000066631500355368
CERTIFICATE,36.86,0.000057418500306232
RA_SIGNATURE,53.02,0.000066631500355368
CERTIFICATE,88.76,0.000057418500306232
RA_SIGNATURE,66.1,0.000066631500355368
CERTIFICATE,65.57,0.000057418500306232
RA_SIGNATURE,54.76,0.000066631500355368
CERTIFICATE,75.73,0.000061618500328632
RA_SIGNATURE,60.42,0.000079231500422568
CERTIFICATE,51.09,0.000057418500306232
RA_SIGNATURE,61.25,0.000066631500355368
CERTIFICATE,46.14,0.000057418500306232
RA_SIGNATURE,58.33,0.000066631500355368
CERTIFICATE,53.85,0.000057418500306232
RA_SIGNATURE,57.88,0.000066631500355368
CERTIFICATE,53.78,0.000057418500306232
RA_SIGNATURE,53.72,0.000066631500355368
CERTIFICATE,61.46,0.000057418500306232
RA_SIGNATURE,59.1,0.000066631500355368
CERTIFICATE,64.91,0.000057418500306232
RA_SIGNATURE,52.75,0.000066631500355368
CERTIFICATE,59.8,0.000057418500306232
RA_SIGNATURE,68.99,0.000066631500355368
CERTIFICATE,57.48,0.000057418500306232
RA_SIGNATURE,66.51,0.000066631500355368
CERTIFICATE,46.35,0.000057418500306232
RA_SIGNATURE,65.19,0.000066631500355368
CERTIFICATE,65.58,0.000061618500328632
RA_SIGNATURE,60.49,0.000083431500444968
CERTIFICATE,61.91,0.000057418500306232
RA_SIGNATURE,82.4,0.000066631500355368
CERTIFICATE,74.18,0.000057418500306232
RA_SIGNATURE,63.55,0.000066631500355368
CERTIFICATE,53.21,0.000057418500306232
RA_SIGNATURE,55.7,0.000066631500355368
CERTIFICATE,57.98,0.000057418500306232
RA_SIGNATURE,61.07,0.000066631500355368
CERTIFICATE,53.31,0.000057418500306232
RA_SIGNATURE,54.15,0.000066631500355368
CERTIFICATE,49.45,0.000057418500306232
RA_SIGNATURE,67.29,0.000066631500355368
CERTIFICATE,130.11,0.000057418500306232
RA_SIGNATURE,71.22,0.000066631500355368
CERTIFICATE,56.66,0.000057418500306232
RA_SIGNATURE,59.3,0.000066631500355368
CERTIFICATE,59.06,0.000057418500306232
RA_SIGNATURE,55.7,0.000066631500355368
CERTIFICATE,51.83,0.000061618500328632
RA_SIGNATURE,61.13,0.000079213500422472
CERTIFICATE,54.26,0.000057418500306232
RA_SIGNATURE,66.5,0.000066613500355272
CERTIFICATE,54.53,0.000057418500306232
RA_SIGNATURE,56.29,0.000066613500355272
CERTIFICATE,76.01,0.000057418500306232
RA_SIGNATURE,60.48,0.000066613500355272
CERTIFICATE,53.2,0.000057418500306232
RA_SIGNATURE,60.5,0.000066613500355272
CERTIFICATE,52.87,0.000057418500306232
RA_SIGNATURE,54.7,0.000066613500355272
CERTIFICATE,52.01,0.000057418500306232
RA_SIGNATURE,61.89,0.000066613500355272
CERTIFICATE,53.15,0.000057418500306232
RA_SIGNATURE,60.89,0.000066613500355272
CERTIFICATE,59.34,0.000057418500306232
RA_SIGNATURE,55.93,0.000066613500355272
CERTIFICATE,69.26,0.000057418500306232
RA_SIGNATURE,67.06,0.000066613500355272
CERTIFICATE,56.25,0.000061618500328632
RA_SIGNATURE,59.59,0.000079231500422568
CERTIFICATE,60.52,0.000057418500306232
RA_SIGNATURE,58.22,0.000066631500355368
CERTIFICATE,51.95,0.000057418500306232
RA_SIGNATURE,53.21,0.000066631500355368
CERTIFICATE,65.71,0.000057418500306232
RA_SIGNATURE,60.15,0.000066631500355368
CERTIFICATE,49.22,0.000057418500306232
RA_SIGNATURE,60.06,0.000066631500355368
CERTIFICATE,71.65,0.000057418500306232
RA_SIGNATURE,59.73,0.000066631500355368
CERTIFICATE,65.63,0.000057418500306232
RA_SIGNATURE,63.45,0.000066631500355368
CERTIFICATE,55.17,0.000057418500306232
RA_SIGNATURE,79.1,0.000066631500355368
CERTIFICATE,59.91,0.000057418500306232
RA_SIGNATURE,64.6,0.000066631500355368
CERTIFICATE,60.18,0.000057418500306232
RA_SIGNATURE,69.86,0.000066631500355368
CERTIFICATE,65.48,0.000061618500328632
RA_SIGNATURE,59.93,0.000083431500444968
CERTIFICATE,51.11,0.000057418500306232
RA_SIGNATURE,56.68,0.000066631500355368
CERTIFICATE,56.07,0.000057418500306232
RA_SIGNATURE,58.65,0.000066631500355368
CERTIFICATE,51.26,0.000057418500306232
RA_SIGNATURE,57.08,0.000066631500355368
CERTIFICATE,58.43,0.000057418500306232
RA_SIGNATURE,58.12,0.000066631500355368
CERTIFICATE,61.61,0.000057418500306232
RA_SIGNATURE,62.22,0.000066631500355368
CERTIFICATE,77.36,0.000057418500306232
RA_SIGNATURE,62.99,0.000066631500355368
CERTIFICATE,46.81,0.000057418500306232
RA_SIGNATURE,59.39,0.000066631500355368
CERTIFICATE,63.13,0.000057418500306232
RA_SIGNATURE,54.07,0.000066631500355368
CERTIFICATE,54.09,0.000057418500306232
RA_SIGNATURE,60.22,0.000066631500355368
CERTIFICATE,48.11,0.000061618500328632
RA_SIGNATURE,57.75,0.000083431500444968
CERTIFICATE,57.19,0.000057418500306232
RA_SIGNATURE,62.41,0.000066631500355368
CERTIFICATE,48.08,0.000057418500306232
RA_SIGNATURE,60.25,0.000066631500355368
CERTIFICATE,68.31,0.000057418500306232
RA_SIGNATURE,61.23,0.000066631500355368
CERTIFICATE,52.08,0.000057418500306232
RA_SIGNATURE,58.34,0.000066631500355368
CERTIFICATE,60.57,0.000057418500306232
RA_SIGNATURE,54.08,0.000066631500355368
CERTIFICATE,49.85,0.000057418500306232
RA_SIGNATURE,55.91,0.000066631500355368
CERTIFICATE,62.99,0.000057418500306232
RA_SIGNATURE,68.25,0.000066631500355368
CERTIFICATE,56.23,0.000057418500306232
RA_SIGNATURE,80.9,0.000066631500355368
CERTIFICATE,67.85,0.000057418500306232
RA_SIGNATURE,63.95,0.000066631500355368
CERTIFICATE,49.49,0.000061618500328632
RA_SIGNATURE,57.77,0.000083431500444968
CERTIFICATE,59.68,0.000057418500306232
RA_SIGNATURE,57.57,0.000066631500355368
CERTIFICATE,51.22,0.000057418500306232
RA_SIGNATURE,58.15,0.000066631500355368
CERTIFICATE,51.28,0.000057418500306232
RA_SIGNATURE,56.96,0.000066631500355368
CERTIFICATE,56.59,0.000057418500306232
RA_SIGNATURE,57.84,0.000066631500355368
CERTIFICATE,69.52,0.000057418500306232
RA_SIGNATURE,54.96,0.000066631500355368
CERTIFICATE,55.23,0.000057418500306232
RA_SIGNATURE,51.89,0.000066631500355368
CERTIFICATE,62.07,0.000057418500306232
RA_SIGNATURE,60.46,0.000066631500355368
CERTIFICATE,48.42,0.000057418500306232
RA_SIGNATURE,55.75,0.000066631500355368
CERTIFICATE,57.6,0.000057418500306232
RA_SIGNATURE,60.88,0.000066631500355368
CERTIFICATE,62.74,0.000061618500328632
RA_SIGNATURE,60.06,0.000083413500444872
CERTIFICATE,49.32,0.000057418500306232
RA_SIGNATURE,60.52,0.000066613500355272
CERTIFICATE,70.15,0.000057418500306232
RA_SIGNATURE,56.67,0.000066613500355272
CERTIFICATE,50.7,0.000057418500306232
RA_SIGNATURE,58.37,0.000066613500355272
CERTIFICATE,58.29,0.000057418500306232
RA_SIGNATURE,57.48,0.000066613500355272
CERTIFICATE,48.7,0.000057418500306232
RA_SIGNATURE,58.4,0.000066613500355272
CERTIFICATE,54.56,0.000057418500306232
RA_SIGNATURE,56.62,0.000066613500355272
CERTIFICATE,53.64,0.000057418500306232
RA_SIGNATURE,60.89,0.000066613500355272
CERTIFICATE,65.51,0.000057418500306232
RA_SIGNATURE,59.24,0.000066613500355272
CERTIFICATE,58.42,0.000057418500306232
RA_SIGNATURE,52.33,0.000066613500355272
CERTIFICATE,57.79,0.000061618500328632
RA_SIGNATURE,51.81,0.000079231500422568
CERTIFICATE,54.71,0.000057418500306232
RA_SIGNATURE,60.08,0.000066631500355368
CERTIFICATE,65.08,0.000057418500306232
RA_SIGNATURE,55.82,0.000066631500355368
CERTIFICATE,46.25,0.000057418500306232
RA_SIGNATURE,53.1,0.000066631500355368
CERTIFICATE,63.1,0.000057418500306232
RA_SIGNATURE,57.57,0.000066631500355368
CERTIFICATE,63.24,0.000057418500306232
RA_SIGNATURE,76.73,0.000066631500355368
CERTIFICATE,49.09,0.000057418500306232
RA_SIGNATURE,54.79,0.000066631500355368
CERTIFICATE,54.69,0.000057418500306232
RA_SIGNATURE,58.74,0.000066631500355368
CERTIFICATE,47.91,0.000057418500306232
RA_SIGNATURE,54.94,0.000066631500355368
CERTIFICATE,47.89,0.000057418500306232
RA_SIGNATURE,57.02,0.000066631500355368
CERTIFICATE,45.65,0.000061618500328632
RA_SIGNATURE,57.46,0.000083395500444776
CERTIFICATE,63.63,0.000057418500306232
RA_SIGNATURE,66.58,0.000066595500355176
CERTIFICATE,59.68,0.000057418500306232
RA_SIGNATURE,59.64,0.000066595500355176
CERTIFICATE,61.3,0.000057418500306232
RA_SIGNATURE,55.81,0.000066595500355176
CERTIFICATE,60.7,0.000057418500306232
RA_SIGNATURE,66.9,0.000066595500355176
CERTIFICATE,58.58,0.000057418500306232
RA_SIGNATURE,52.09,0.000066595500355176
CERTIFICATE,64.88,0.000057418500306232
RA_SIGNATURE,64.44,0.000066595500355176
CERTIFICATE,74.55,0.000057418500306232
RA_SIGNATURE,58.9,0.000066595500355176
CERTIFICATE,66.29,0.000057418500306232
RA_SIGNATURE,51.29,0.000066595500355176
CERTIFICATE,62.54,0.000057418500306232
RA_SIGNATURE,66.9,0.000066595500355176
CERTIFICATE,69.78,0.00006158250032844
RA_SIGNATURE,64.11,0.000083413500444872
CERTIFICATE,65.38,0.00005738250030604
RA_SIGNATURE,60.64,0.000066613500355272
CERTIFICATE,53.36,0.00005738250030604
RA_SIGNATURE,58.93,0.000066613500355272
CERTIFICATE,53.02,0.00005738250030604
RA_SIGNATURE,61.26,0.000066613500355272
CERTIFICATE,52.46,0.00005738250030604
RA_SIGNATURE,54.76,0.000066613500355272
CERTIFICATE,58.67,0.00005738250030604
RA_SIGNATURE,62.02,0.000066613500355272
CERTIFICATE,56.87,0.00005738250030604
RA_SIGNATURE,60.38,0.000066613500355272
CERTIFICATE,49.64,0.00005738250030604
RA_SIGNATURE,69.65,0.000066613500355272
CERTIFICATE,61.2,0.00005738250030604
RA_SIGNATURE,63.07,0.000066613500355272
CERTIFICATE,73.83,0.00005738250030604
RA_SIGNATURE,60.36,0.000066613500355272
CERTIFICATE,47.5,0.000061600500328536
RA_SIGNATURE,57.07,0.000083413500444872
CERTIFICATE,52.22,0.000057400500306136
RA_SIGNATURE,54.75,0.000066613500355272
CERTIFICATE,68.07,0.000057400500306136
RA_SIGNATURE,76.44,0.000066613500355272
CERTIFICATE,56.55,0.000057400500306136
RA_SIGNATURE,58.76,0.000066613500355272
CERTIFICATE,59.51,0.000057400500306136
RA_SIGNATURE,61.44,0.000066613500355272
CERTIFICATE,63.26,0.000057400500306136
RA_SIGNATURE,55.87,0.000066613500355272
CERTIFICATE,75.16,0.000057400500306136
RA_SIGNATURE,62.04,0.000066613500355272
CERTIFICATE,48.54,0.000057400500306136
RA_SIGNATURE,51.03,0.000066613500355272
CERTIFICATE,49.71,0.000057400500306136
RA_SIGNATURE,51.12,0.000066613500355272
CERTIFICATE,62.81,0.000057400500306136
RA_SIGNATURE,52.03,0.000066613500355272
CERTIFICATE,57.47,0.000061618500328632
RA_SIGNATURE,56.02,0.000079231500422568
CERTIFICATE,74.95,0.000057418500306232
RA_SIGNATURE,65.3,0.000066631500355368
CERTIFICATE,55.06,0.000057418500306232
RA_SIGNATURE,53.46,0.000066631500355368
CERTIFICATE,66.75,0.000057418500306232
RA_SIGNATURE,58.73,0.000066631500355368
CERTIFICATE,45.22,0.000057418500306232
RA_SIGNATURE,61.16,0.000066631500355368
CERTIFICATE,55.75,0.000057418500306232
RA_SIGNATURE,52.8,0.000066631500355368
CERTIFICATE,66.68,0.000057418500306232
RA_SIGNATURE,64.93,0.000066631500355368
CERTIFICATE,51.72,0.000057418500306232
RA_SIGNATURE,68.41,0.000066631500355368
CERTIFICATE,58.05,0.000057418500306232
RA_SIGNATURE,55.68,0.000066631500355368
CERTIFICATE,63.55,0.000057418500306232
RA_SIGNATURE,54.35,0.000066631500355368
CERTIFICATE,66.45,0.000061618500328632
RA_SIGNATURE,111.03,0.000083431500444968
CERTIFICATE,71.33,0.000057418500306232
RA_SIGNATURE,66.7,0.000066631500355368
CERTIFICATE,49.23,0.000057418500306232
RA_SIGNATURE,54,0.000066631500355368
CERTIFICATE,57.03,0.000057418500306232
RA_SIGNATURE,59.07,0.000066631500355368
CERTIFICATE,57.69,0.000057418500306232
RA_SIGNATURE,58.93,0.000066631500355368
CERTIFICATE,87.32,0.000057418500306232
RA_SIGNATURE,70.22,0.000066631500355368
CERTIFICATE,73.65,0.000057418500306232
RA_SIGNATURE,56.2,0.000066631500355368
CERTIFICATE,55.44,0.000057418500306232
RA_SIGNATURE,58.97,0.000066631500355368
CERTIFICATE,48.28,0.000057418500306232
RA_SIGNATURE,64.57,0.000066631500355368
CERTIFICATE,70.78,0.000057418500306232
RA_SIGNATURE,61.61,0.000066631500355368
CERTIFICATE,50.6,0.000061618500328632
RA_SIGNATURE,54.38,0.000079195500422376
CERTIFICATE,60.12,0.000057418500306232
RA_SIGNATURE,86.5,0.000066595500355176
CERTIFICATE,58,0.000057418500306232
RA_SIGNATURE,80.43,0.000066595500355176
CERTIFICATE,60.61,0.000057418500306232
RA_SIGNATURE,71.04,0.000066595500355176
CERTIFICATE,51.4,0.000057418500306232
RA_SIGNATURE,73.48,0.000066595500355176
CERTIFICATE,53.64,0.000057418500306232
RA_SIGNATURE,58.42,0.000066595500355176
CERTIFICATE,52.95,0.000057418500306232
RA_SIGNATURE,60.03,0.000066595500355176
CERTIFICATE,57.08,0.000057418500306232
RA_SIGNATURE,63.21,0.000066595500355176
CERTIFICATE,48.45,0.000057418500306232
RA_SIGNATURE,63.85,0.000066595500355176
CERTIFICATE,67.85,0.000057418500306232
RA_SIGNATURE,60.6,0.000066595500355176
CERTIFICATE,49.46,0.000061618500328632
RA_SIGNATURE,58.77,0.000083431500444968
CERTIFICATE,62.2,0.000057418500306232
RA_SIGNATURE,56.54,0.000066631500355368
CERTIFICATE,72.14,0.000057418500306232
RA_SIGNATURE,71.47,0.000066631500355368
CERTIFICATE,79.85,0.000057418500306232
RA_SIGNATURE,62.3,0.000066631500355368
CERTIFICATE,49.07,0.000057418500306232
RA_SIGNATURE,54.95,0.000066631500355368
CERTIFICATE,65.83,0.000057418500306232
RA_SIGNATURE,80.15,0.000066631500355368
CERTIFICATE,71.81,0.000057418500306232
RA_SIGNATURE,65.98,0.000066631500355368
CERTIFICATE,65.31,0.000057418500306232
RA_SIGNATURE,67.49,0.000066631500355368
CERTIFICATE,50.91,0.000057418500306232
RA_SIGNATURE,52.28,0.000066631500355368
CERTIFICATE,57.23,0.000057418500306232
RA_SIGNATURE,58.2,0.000066631500355368
CERTIFICATE,55.42,0.000061618500328632
RA_SIGNATURE,72.14,0.000083431500444968
CERTIFICATE,69.39,0.000057418500306232
RA_SIGNATURE,63.93,0.000066631500355368
CERTIFICATE,77.68,0.000057418500306232
RA_SIGNATURE,63.87,0.000066631500355368
CERTIFICATE,61.93,0.000057418500306232
RA_SIGNATURE,62.04,0.000066631500355368
CERTIFICATE,53.93,0.000057418500306232
RA_SIGNATURE,62.07,0.000066631500355368
CERTIFICATE,74.8,0.000057418500306232
RA_SIGNATURE,60.02,0.000066631500355368
CERTIFICATE,49.69,0.000057418500306232
RA_SIGNATURE,64.32,0.000066631500355368
CERTIFICATE,66.56,0.000057418500306232
RA_SIGNATURE,61.43,0.000066631500355368
CERTIFICATE,51.33,0.000057418500306232
RA_SIGNATURE,63.95,0.000066631500355368
CERTIFICATE,47.23,0.000057418500306232
RA_SIGNATURE,56.79,0.000066631500355368
CERTIFICATE,47.37,0.000061618500328632
RA_SIGNATURE,59.56,0.000083431500444968
CERTIFICATE,46.91,0.000057418500306232
RA_SIGNATURE,56.69,0.000066631500355368
CERTIFICATE,42.97,0.000057418500306232
RA_SIGNATURE,53.21,0.000066631500355368
CERTIFICATE,56.44,0.000057418500306232
RA_SIGNATURE,52.98,0.000066631500355368
CERTIFICATE,51.52,0.000057418500306232
RA_SIGNATURE,56.3,0.000066631500355368
CERTIFICATE,49.27,0.000057418500306232
RA_SIGNATURE,63.12,0.000066631500355368
CERTIFICATE,56.91,0.000057418500306232
RA_SIGNATURE,57.58,0.000066631500355368
CERTIFICATE,67.86,0.000057418500306232
RA_SIGNATURE,54.04,0.000066631500355368
CERTIFICATE,78.37,0.000057418500306232
RA_SIGNATURE,58.04,0.000066631500355368
CERTIFICATE,126.35,0.000057418500306232
RA_SIGNATURE,79.09,0.000066631500355368
CERTIFICATE,95.51,0.000061618500328632
RA_SIGNATURE,60.81,0.000079231500422568
CERTIFICATE,50.35,0.000057418500306232
RA_SIGNATURE,52.27,0.000066631500355368
CERTIFICATE,89.47,0.000057418500306232
RA_SIGNATURE,57.78,0.000066631500355368
CERTIFICATE,51.93,0.000057418500306232
RA_SIGNATURE,64.24,0.000066631500355368
CERTIFICATE,51.65,0.000057418500306232
RA_SIGNATURE,124.6,0.000066631500355368
CERTIFICATE,47.73,0.000057418500306232
RA_SIGNATURE,58.18,0.000066631500355368
CERTIFICATE,65.58,0.000057418500306232
RA_SIGNATURE,63.26,0.000066631500355368
CERTIFICATE,58.98,0.000057418500306232
RA_SIGNATURE,75.68,0.000066631500355368
CERTIFICATE,47.67,0.000057418500306232
RA_SIGNATURE,71.79,0.000066631500355368
CERTIFICATE,58.57,0.000057418500306232
RA_SIGNATURE,57.51,0.000066631500355368
CERTIFICATE,52.23,0.000061600500328536
RA_SIGNATURE,71.47,0.000083395500444776
CERTIFICATE,54.46,0.000057400500306136
RA_SIGNATURE,56.33,0.000066595500355176
CERTIFICATE,75.48,0.000057400500306136
RA_SIGNATURE,72.24,0.000066595500355176
CERTIFICATE,73.03,0.000057400500306136
RA_SIGNATURE,58.09,0.000066595500355176
CERTIFICATE,52.89,0.000057400500306136
RA_SIGNATURE,53.88,0.000066595500355176
CERTIFICATE,78.7,0.000057400500306136
RA_SIGNATURE,67.91,0.000066595500355176
CERTIFICATE,65.87,0.000057400500306136
RA_SIGNATURE,122.97,0.000066595500355176
CERTIFICATE,73.42,0.000057400500306136
RA_SIGNATURE,70.53,0.000066595500355176
CERTIFICATE,55.69,0.000057400500306136
RA_SIGNATURE,69.1,0.000066595500355176
CERTIFICATE,75.37,0.000057400500306136
RA_SIGNATURE,65.75,0.000066595500355176
CERTIFICATE,53.6,0.000061618500328632
RA_SIGNATURE,53.59,0.000083431500444968
CERTIFICATE,81.79,0.000057418500306232
RA_SIGNATURE,57.97,0.000066631500355368
CERTIFICATE,78.17,0.000057418500306232
RA_SIGNATURE,69.7,0.000066631500355368
CERTIFICATE,69.48,0.000057418500306232
RA_SIGNATURE,55.3,0.000066631500355368
CERTIFICATE,74.38,0.000057418500306232
RA_SIGNATURE,63.64,0.000066631500355368
CERTIFICATE,80.17,0.000057418500306232
RA_SIGNATURE,69.69,0.000066631500355368
CERTIFICATE,89.49,0.000057418500306232
RA_SIGNATURE,69.01,0.000066631500355368
CERTIFICATE,56.98,0.000057418500306232
RA_SIGNATURE,53.18,0.000066631500355368
CERTIFICATE,48.7,0.000057418500306232
RA_SIGNATURE,50.38,0.000066631500355368
CERTIFICATE,46.21,0.000057418500306232
RA_SIGNATURE,50.49,0.000066631500355368
CERTIFICATE,43.91,0.000061618500328632
RA_SIGNATURE,57.56,0.000079231500422568
CERTIFICATE,44.58,0.000057418500306232
RA_SIGNATURE,48.22,0.000066631500355368
CERTIFICATE,91.81,0.000057418500306232
RA_SIGNATURE,64.68,0.000066631500355368
CERTIFICATE,66.13,0.000057418500306232
RA_SIGNATURE,54.4,0.000066631500355368
CERTIFICATE,53.85,0.000057418500306232
RA_SIGNATURE,59.25,0.000066631500355368
CERTIFICATE,93.32,0.000057418500306232
RA_SIGNATURE,61.11,0.000066631500355368
CERTIFICATE,68.83,0.000057418500306232
RA_SIGNATURE,63.06,0.000066631500355368
CERTIFICATE,61.55,0.000057418500306232
RA_SIGNATURE,76.21,0.000066631500355368
CERTIFICATE,57.95,0.000057418500306232
RA_SIGNATURE,66.8,0.000066631500355368
CERTIFICATE,69.17,0.000057418500306232
RA_SIGNATURE,50.68,0.000066631500355368
CERTIFICATE,71.66,0.000061618500328632
RA_SIGNATURE,66.62,0.000083431500444968
CERTIFICATE,89.15,0.000057418500306232
RA_SIGNATURE,79.78,0.000066631500355368
CERTIFICATE,57.44,0.000057418500306232
RA_SIGNATURE,68.07,0.000066631500355368
CERTIFICATE,50.15,0.000057418500306232
RA_SIGNATURE,56.23,0.000066631500355368
CERTIFICATE,70.61,0.000057418500306232
RA_SIGNATURE,52.38,0.000066631500355368
CERTIFICATE,70.75,0.000057418500306232
RA_SIGNATURE,75.65,0.000066631500355368
CERTIFICATE,51.93,0.000057418500306232
RA_SIGNATURE,86.54,0.000066631500355368
CERTIFICATE,87.93,0.000057418500306232
RA_SIGNATURE,58.64,0.000066631500355368
CERTIFICATE,69.64,0.000057418500306232
RA_SIGNATURE,54.59,0.000066631500355368
CERTIFICATE,89.35,0.000057418500306232
RA_SIGNATURE,84.9,0.000066631500355368
CERTIFICATE,65.55,0.000061618500328632
RA_SIGNATURE,63.24,0.000079231500422568
CERTIFICATE,61.4,0.000057418500306232
RA_SIGNATURE,64.1,0.000066631500355368
CERTIFICATE,72.45,0.000057418500306232
RA_SIGNATURE,79.97,0.000066631500355368
CERTIFICATE,78.92,0.000057418500306232
RA_SIGNATURE,61.29,0.000066631500355368
CERTIFICATE,81.14,0.000057418500306232
RA_SIGNATURE,87.94,0.000066631500355368
CERTIFICATE,48.92,0.000057418500306232
RA_SIGNATURE,51.46,0.000066631500355368
CERTIFICATE,55.62,0.000057418500306232
RA_SIGNATURE,59.7,0.000066631500355368
CERTIFICATE,71.18,0.000057418500306232
RA_SIGNATURE,50.43,0.000066631500355368
CERTIFICATE,62.49,0.000057418500306232
RA_SIGNATURE,128.28,0.000066631500355368
CERTIFICATE,69.66,0.000057418500306232
RA_SIGNATURE,51.7,0.000066631500355368
CERTIFICATE,70.94,0.000061600500328536
RA_SIGNATURE,54.32,0.000079231500422568
CERTIFICATE,78.6,0.000057400500306136
RA_SIGNATURE,56.52,0.000066631500355368
CERTIFICATE,46.09,0.000057400500306136
RA_SIGNATURE,58.22,0.000066631500355368
CERTIFICATE,62.2,0.000057400500306136
RA_SIGNATURE,62.45,0.000066631500355368
CERTIFICATE,66.99,0.000057400500306136
RA_SIGNATURE,57.94,0.000066631500355368
CERTIFICATE,74.17,0.000057400500306136
RA_SIGNATURE,64.02,0.000066631500355368
CERTIFICATE,56.77,0.000057400500306136
RA_SIGNATURE,57.83,0.000066631500355368
CERTIFICATE,66.84,0.000057400500306136
RA_SIGNATURE,57.11,0.000066631500355368
CERTIFICATE,82.36,0.000057400500306136
RA_SIGNATURE,74.84,0.000066631500355368
CERTIFICATE,71.04,0.000057400500306136
RA_SIGNATURE,70.03,0.000066631500355368
CERTIFICATE,105.02,0.000061618500328632
RA_SIGNATURE,71.47,0.000083431500444968
CERTIFICATE,63.55,0.000057418500306232
RA_SIGNATURE,61.03,0.000066631500355368
CERTIFICATE,68.24,0.000057418500306232
RA_SIGNATURE,51.4,0.000066631500355368
CERTIFICATE,63.31,0.000057418500306232
RA_SIGNATURE,62.5,0.000066631500355368
CERTIFICATE,45.08,0.000057418500306232
RA_SIGNATURE,52.9,0.000066631500355368
CERTIFICATE,66.4,0.000057418500306232
RA_SIGNATURE,104.46,0.000066631500355368
CERTIFICATE,56.35,0.000057418500306232
RA_SIGNATURE,59.88,0.000066631500355368
CERTIFICATE,47.11,0.000057418500306232
RA_SIGNATURE,54.31,0.000066631500355368
CERTIFICATE,73.3,0.000057418500306232
RA_SIGNATURE,54.48,0.000066631500355368
CERTIFICATE,60.53,0.000057418500306232
RA_SIGNATURE,72.27,0.000066631500355368
CERTIFICATE,81.91,0.000057418500306232
RA_SIGNATURE,69.86,0.000066631500355368
CERTIFICATE,60.09,0.000057418500306232
RA_SIGNATURE,58.52,0.000066631500355368
CERTIFICATE,78.12,0.000057418500306232
RA_SIGNATURE,60.56,0.000066631500355368
CERTIFICATE,51.97,0.000057418500306232
RA_SIGNATURE,52.37,0.000066631500355368
CERTIFICATE,82.31,0.000057418500306232
RA_SIGNATURE,76.38,0.000066631500355368
CERTIFICATE,54.76,0.000057418500306232
RA_SIGNATURE,56.66,0.000066631500355368
CERTIFICATE,67.6,0.000057418500306232
RA_SIGNATURE,98.06,0.000066631500355368
CERTIFICATE,71.56,0.000057418500306232
RA_SIGNATURE,53.73,0.000066631500355368
CERTIFICATE,47.01,0.000057418500306232
RA_SIGNATURE,54.08,0.000066631500355368
CERTIFICATE,77.61,0.000057418500306232
RA_SIGNATURE,80.61,0.000066631500355368
CERTIFICATE,110.05,0.000061618500328632
RA_SIGNATURE,73.86,0.000083413500444872
CERTIFICATE,67.64,0.000057418500306232
RA_SIGNATURE,59.01,0.000066613500355272
CERTIFICATE,73.64,0.000057418500306232
RA_SIGNATURE,61.45,0.000066613500355272
CERTIFICATE,68.97,0.000057418500306232
RA_SIGNATURE,81.93,0.000066613500355272
CERTIFICATE,84.2,0.000057418500306232
RA_SIGNATURE,83.7,0.000066613500355272
CERTIFICATE,66.04,0.000057418500306232
RA_SIGNATURE,55.96,0.000066613500355272
CERTIFICATE,59.87,0.000057418500306232
RA_SIGNATURE,51.03,0.000066613500355272
CERTIFICATE,64.92,0.000057418500306232
RA_SIGNATURE,51.22,0.000066613500355272
CERTIFICATE,56.24,0.000057418500306232
RA_SIGNATURE,61.05,0.000066613500355272
CERTIFICATE,84.8,0.000057418500306232
RA_SIGNATURE,66.14,0.000066613500355272
CERTIFICATE,76.3,0.000061618500328632
RA_SIGNATURE,87.52,0.000079213500422472
CERTIFICATE,73.41,0.000057418500306232
RA_SIGNATURE,75.27,0.000066613500355272
CERTIFICATE,89.43,0.000057418500306232
RA_SIGNATURE,91.71,0.000066613500355272
CERTIFICATE,67.71,0.000057418500306232
RA_SIGNATURE,51.19,0.000066613500355272
CERTIFICATE,43.83,0.000057418500306232
RA_SIGNATURE,52.91,0.000066613500355272
CERTIFICATE,60.15,0.000057418500306232
RA_SIGNATURE,83.63,0.000066613500355272
CERTIFICATE,81.8,0.000057418500306232
RA_SIGNATURE,83.2,0.000066613500355272
CERTIFICATE,69.16,0.000057418500306232
RA_SIGNATURE,68.39,0.000066613500355272
CERTIFICATE,54.09,0.000057418500306232
RA_SIGNATURE,57.37,0.000066613500355272
CERTIFICATE,62.16,0.000057418500306232
RA_SIGNATURE,64.25,0.000066613500355272
CERTIFICATE,67.26,0.000061618500328632
RA_SIGNATURE,70.46,0.000083431500444968
CERTIFICATE,72.03,0.000057418500306232
RA_SIGNATURE,73.67,0.000066631500355368
CERTIFICATE,68.52,0.000057418500306232
RA_SIGNATURE,54.41,0.000066631500355368
CERTIFICATE,48.03,0.000057418500306232
RA_SIGNATURE,60.4,0.000066631500355368
CERTIFICATE,74.08,0.000057418500306232
RA_SIGNATURE,57.02,0.000066631500355368
CERTIFICATE,50.6,0.000057418500306232
RA_SIGNATURE,66.45,0.000066631500355368
CERTIFICATE,72.37,0.000057418500306232
RA_SIGNATURE,65.79,0.000066631500355368
CERTIFICATE,57.23,0.000057418500306232
RA_SIGNATURE,61.68,0.000066631500355368
CERTIFICATE,62.84,0.000057418500306232
RA_SIGNATURE,53.16,0.000066631500355368
CERTIFICATE,73.54,0.000057418500306232
RA_SIGNATURE,55.96,0.000066631500355368
CERTIFICATE,52.92,0.000061600500328536
RA_SIGNATURE,59.23,0.000083431500444968
CERTIFICATE,77.12,0.000057400500306136
RA_SIGNATURE,64.74,0.000066631500355368
CERTIFICATE,71.24,0.000057400500306136
RA_SIGNATURE,52.51,0.000066631500355368
CERTIFICATE,58.85,0.000057400500306136
RA_SIGNATURE,59.59,0.000066631500355368
CERTIFICATE,67.13,0.000057400500306136
RA_SIGNATURE,63.68,0.000066631500355368
CERTIFICATE,69.3,0.000057400500306136
RA_SIGNATURE,60.41,0.000066631500355368
CERTIFICATE,63.81,0.000057400500306136
RA_SIGNATURE,65.67,0.000066631500355368
CERTIFICATE,68.28,0.000057400500306136
RA_SIGNATURE,64.12,0.000066631500355368
CERTIFICATE,54.39,0.000057400500306136
RA_SIGNATURE,55.5,0.000066631500355368
CERTIFICATE,85.79,0.000057400500306136
RA_SIGNATURE,60.55,0.000066631500355368
CERTIFICATE,60.23,0.000061618500328632
RA_SIGNATURE,63.34,0.000079231500422568
RA_SIGNATURE,56.59,0.000066631500355368
CERTIFICATE,50.73,0.000057418500306232
CERTIFICATE,53.86,0.000057418500306232
RA_SIGNATURE,73.7,0.000066631500355368
CERTIFICATE,69.22,0.000057418500306232
RA_SIGNATURE,74.05,0.000066631500355368
CERTIFICATE,78.93,0.000057418500306232
RA_SIGNATURE,63.64,0.000066631500355368
CERTIFICATE,51.7,0.000057418500306232
RA_SIGNATURE,70.84,0.000066631500355368
CERTIFICATE,62.5,0.000057418500306232
RA_SIGNATURE,54.67,0.000066631500355368
CERTIFICATE,61.31,0.000057418500306232
RA_SIGNATURE,59.81,0.000066631500355368
CERTIFICATE,54.93,0.000057418500306232
RA_SIGNATURE,55.13,0.000066631500355368
CERTIFICATE,65.49,0.000057418500306232
RA_SIGNATURE,62.43,0.000066631500355368
CERTIFICATE,77.48,0.000061618500328632
RA_SIGNATURE,78.9,0.000079231500422568
CERTIFICATE,62.38,0.000057418500306232
RA_SIGNATURE,71.82,0.000066631500355368
CERTIFICATE,63.43,0.000057418500306232
RA_SIGNATURE,58.79,0.000066631500355368
CERTIFICATE,61.1,0.000057418500306232
RA_SIGNATURE,59.19,0.000066631500355368
CERTIFICATE,57.42,0.000057418500306232
RA_SIGNATURE,58.92,0.000066631500355368
CERTIFICATE,48.62,0.000057418500306232
RA_SIGNATURE,62.86,0.000066631500355368
CERTIFICATE,71.62,0.000057418500306232
RA_SIGNATURE,73.95,0.000066631500355368
CERTIFICATE,78.91,0.000057418500306232
RA_SIGNATURE,68.59,0.000066631500355368
CERTIFICATE,47.06,0.000057418500306232
RA_SIGNATURE,60.95,0.000066631500355368
CERTIFICATE,66.26,0.000057418500306232
RA_SIGNATURE,64.59,0.000066631500355368
RA_SIGNATURE,72.91,0.00007699254709788
